事件ID,事件日期,日期精度,年份,洲別,國家或地區,行政區或海域,陸域或離岸,事件類型,事件子類,風場或專案,事件標題,事件摘要,事件時階段,風場或計畫規模MW,本次涉及容量MW,容量口徑,機組廠牌型號,單機額定MW,基礎型式,開工資訊,完成或商轉資訊,開發商或營運商,死亡人數,受傷人數,傷亡註記,緯度,經度,座標說明,導覽優先級_1最高,主要來源機構,一手來源URL,補充來源URL,照片頁面URL,照片內容性質,照片權利狀態,核驗狀態,特別註記,查證日期
WIND-001,1980-12,月,1980,北美洲,美國,新罕布夏州 Crotched Mountain,陸域,發展里程碑,啟用／建置,Crotched Mountain,世界首批商業風場之一建成,US Windpower 安裝 20 部 30 kW 風機，麻州大學風能中心稱之為世界第一座 wind farm。,建成,0.6,,20×0.03 MW,,0.03,,,,US Windpower,,,,,,,1,University of Massachusetts Wind Energy Center,https://www.umass.edu/windenergy/about/history/alumni/index.html,,,未確認有對應照片,,主管機關／業主一手資料,歷史上的「第一座」採來源定義；不等於首部發電風機。,2026-09-28
WIND-002,1991,年,1991,歐洲,丹麥,Lolland 外海,離岸,發展里程碑,啟用／建置,Vindeby,世界首座離岸風場併網,11 部 Bonus 450 kW 風機，官方以約 5 MW 表述；2017 年退役。,已退役,5,,11×0.45=4.95 MW；官方四捨五入 5 MW,Bonus 450 kW,0.45,重力式（歷史案場）,,1991 併網；2017 除役,DONG Energy／Ørsted 前身,,,,,,,1,Ørsted,https://orsted.com/en/offshore-wind/innovation/offshore-wind-pioneers,https://orsted.com/en/media/news/2017/03/the-worlds-first-offshore-wind-farm-is-retiring,https://orsted.com/en/offshore-wind/innovation/offshore-wind-pioneers,歷史風場照片／頁面示意,業主網站；公開使用需取得授權,主管機關／業主一手資料,,2026-09-28
WIND-003,2002,年,2002,歐洲,丹麥,北海 Horns Rev,離岸,發展里程碑,啟用／建置,Horns Rev 1,160 MW 等級離岸風場擴大商業化,80 部 Vestas 2 MW；早期大型商業離岸風場。,營運,160,,80×2 MW,Vestas 2 MW,2,單樁（參考案場技術資料）,,2002,Elsam／後續 Ørsted 相關資產,,,,55.4691,7.8847,GEM 2026-02 期別參考點；非事故機位,2,Ørsted,https://orsted.com/en/media/news/2015/05/horns-rev-1-wind-turbine-has-reached-the-100gwh-mark,,https://orsted.com/en/media/news/2015/05/horns-rev-1-wind-turbine-has-reached-the-100gwh-mark,風場照片／官方報導頁,業主網站；公開使用需取得授權,主管機關／業主一手資料,,2026-09-28
WIND-004,2010-06-08,日,2010,亞洲,中國,上海東海大橋,離岸,發展里程碑,啟用／建置,東海大橋一期,亞洲早期商業離岸風場 102 MW 全數併網,34 部 3 MW 機組；上海市府歷史報導稱 6 月 8 日全數併網。,營運,102,,34×3 MW,,3,高樁承台,2008-09 海上工程開工,2010-06-08 全數併網,上海東海風力發電公司等,,,,31.7667,121.9833,GEM 2026-02 期別參考點；非事故機位,1,上海市政府,https://www.shanghai.gov.cn/nw5827/20200905/0001-5827_437507.html,,https://www.shanghai.gov.cn/nw5827/20200905/0001-5827_437507.html,東海大橋風場照片／原刊媒體攝影,原攝影／媒體權利；市府轉載不代表可再利用,主管機關／業主一手資料,新聞網站日期為 2010-08-28；事件實際全數併網 2010-06-08。,2026-09-28
WIND-005,2011-08-22,日,2011,北美洲,美國,愛荷華州 Ocheyedan 附近,陸域,事故／故障,設備事故,Endeavor 1,維修人員墜落致死,OSHA 記錄風機內作業者經開口墜落，救援後在醫院宣布死亡。,營運維修,,,,,,,,,NextEra Energy Resources,1,,OSHA 明確記載 1 人死亡；其他人數未見通報,,,,1,美國 OSHA,https://www.osha.gov/ords/imis/accidentsearch.accident_detail?id=200534501,,,未確認有對應照片,,主管機關／業主一手資料,,2026-09-28
WIND-006,2013-07-04,日,2013,歐洲,英國,泰晤士河口外海,離岸,發展里程碑,啟用／建置,London Array 1,630 MW London Array 正式啟用,175 部 Siemens 3.6 MW，當時全球最大離岸風場。,營運,630,,175×3.6 MW,Siemens 3.6 MW,3.6,單樁,,2013 商轉,DONG Energy 等合資,,,,51.6217,1.4958,GEM 2026-02 期別參考點；非事故機位,1,Ørsted,https://orsted.com/en/company-announcement-list/2013/08/1202470,https://orsted.com/en/company-announcement-list/2013/09/1207015,,未確認有對應照片,,主管機關／業主一手資料,,2026-09-28
WIND-007,2013-10-29,日,2013,歐洲,荷蘭,Ooltgensplaat／Mariadijk,陸域,事故／故障,設備事故,Piet de Wit／Mariadijk 風機,機艙火災造成 2 名技師死亡,風機頂部維修時火災，兩名工作者罹難；當時國會要求調查，根本起因不可依照片推定。,營運維修,,,,,,,,,,2,,,,,,1,荷蘭國會官方答覆／NOS,https://zoek.officielebekendmakingen.nl/ah-tk-20132014-611.html,https://nos.nl/artikel/568670-tweede-dode-bij-brand-windmolen,https://www.rtl.nl/nieuws/nederland/artikel/2296006/windmolen-ooltgensplaat-volledig-uitgebrand,事故火災現場照／RTL、攝影 Kees van Wuyckhuyse,有著作權；正式導覽引用須先取得授權,主管機關／業主一手資料,未收錄網傳「相擁自拍」圖；未證實與此事故直接對應。,2026-09-28
WIND-008,2013-12-01,日,2013,亞洲,日本,福井縣國見岳,陸域,事故／故障,設備事故,國見岳風力發電所,風機火災並有葉片等部件落下,日本經產省安全通告列出火災造成葉片落下，並要求相關單位檢查防範。,營運,,,,,,,,,,,,,,,,2,日本經產省 METI,https://www.meti.go.jp/policy/safety_security/industrial_safety/oshirase/2013/12/251203-2.html,,,未確認有對應照片,,主管機關／業主一手資料,原始公開通告未確認傷亡數與起火根因；留空。,2026-09-28
WIND-009,2014-12-08,日,2014,非洲,摩洛哥,Tarfaya／大西洋岸,陸域,發展里程碑,啟用／建置,Tarfaya,當時非洲最大風場進入全面商轉,301 MW、131 部 2.3 MW 風機；ENGIE 與 Nareva 合資。,營運,301,,131×2.3 約 301 MW,,2.3,,,2014-12-08 全面商轉,GDF SUEZ／ENGIE、Nareva,,,,,,,2,ENGIE,https://en.newsroom.engie.com/news/gdf-suez-and-nareva-start-commercial-operation-of-the-africas-largest-wind-project-in-tarfaya-morocco-db71-314df.html,,https://en.newsroom.engie.com/news/gdf-suez-and-nareva-start-commercial-operation-of-the-africas-largest-wind-project-in-tarfaya-morocco-db71-314df.html,業主新聞頁圖片（需逐張核對）,業主網站；公開使用需取得授權,主管機關／業主一手資料,,2026-09-28
WIND-010,2016-09-28,日,2016,大洋洲,澳洲,南澳州多座風場／電網,陸域,事故／故障,電網／系統事件,南澳風場與輸電系統（跨案場）,南澳大停電與風場保護設定交互作用,風暴首先破壞輸電線；多重電壓擾動後部分風場保護設定使輸出大幅降低，跨區聯絡線跳脫，形成全州停電。,跨案場系統事故,,,,,,,,,,,,,,,,1,AEMO,https://www.aemo.com.au/energy-systems/electricity/national-electricity-market-nem/nem-events-and-reports/power-system-operating-incident-reports,https://www.aemo.com.au/-/media/files/electricity/nem/market_notices_and_events/power_system_incident_reports/2017/integrated-final-report-sa-black-system-28-september-2016.pdf,,未確認有對應照片,,主管機關／業主一手資料,多因素電網事件，不可寫成「風電單獨造成大停電」；無單一風場座標。,2026-09-28
WIND-011,2016-12,月,2016,北美洲,美國,羅德島州 Block Island 外海,離岸,發展里程碑,啟用／建置,Block Island,美國首座商業離岸風場投入運轉,5 部 6 MW 機組，合計 30 MW；12 月對島上供電，12 日對羅德島電網輸電。,營運,30,,5×6 MW,GE Haliade 150,6,桁架式,,2016-12 商業運轉,Deepwater Wind／後由 Ørsted 收購,,,,41.1199,-71.5139,GEM 2026-02 期別參考點；非事故機位,1,BOEM,https://www.boem.gov/renewable-energy/state-activities/sea2shore-renewable-link,https://www.boem.gov/renewable-energy/studies/boem-report-m17ac00014,,未確認有對應照片,,主管機關／業主一手資料,BOEM 資料對「商轉 12/2」與「送入本土電網 12/12」分別表述。,2026-09-28
WIND-012,2017-10-18,日,2017,歐洲,英國,蘇格蘭 Peterhead 外海,離岸,發展里程碑,啟用／建置,Hywind Scotland,世界首座浮動式風場開始發電,5 部 6 MW，採浮動圓筒 SPAR 基礎與繫泊系統。,營運,30,,5×6 MW,Siemens Gamesa 6 MW,6,浮動 SPAR,,2017-10 開始發電,Equinor／Masdar,,,,57.5075,-1.4426,GEM 2026-02 期別參考點；非事故機位,1,Equinor,https://www.equinor.com/news/archive/worlds-first-floating-wind-farm-started-production,https://www.equinor.com/news/hywind-5-years-world-first-floating-wind-farm,https://www.equinor.com/energy/hywind-scotland,風場照片／業主頁面,Equinor 攝影作品；公開使用需授權,主管機關／業主一手資料,,2026-09-28
WIND-013,2017-11-17,日,2017,亞洲,南韓,濟州島西部 Han-gyeong 外海,離岸,發展里程碑,啟用／建置,Tamra／탐라 海上風場,韓國首座商業離岸風場完成揭幕,10 部韓國製 3 MW 風機，2015 開工，2017 年 9 月完成施工及兩個月試運轉後揭幕。,營運,30,,10×3 MW,Doosan WinDS3000,3,,2015 開工,2017-09 施工完；11-17 揭幕,KOEN、Doosan 等,,,,33.3742,126.165,GEM 2026-02 期別參考點；非事故機位,1,韓國南東發電 KOEN,https://www.koenergy.kr/kosep/fr/bo/board/view.do?menuCd=FN0516&ntcobSeq=58693,,https://www.koenergy.kr/kosep/fr/bo/board/view.do?menuCd=FN0516&ntcobSeq=58693,官方揭幕新聞頁圖片（需逐張核對）,KOEN 網站；公開使用需授權,主管機關／業主一手資料,,2026-09-28
WIND-014,2018-09-24,日,2018,非洲,肯亞,Marsabit／Lake Turkana,陸域,發展里程碑,啟用／建置,Lake Turkana Wind Power,310 MW 風場開始送電至國家電網,365 部 Vestas V52、每部 850 kW；場址 2017 建完，輸電線完工後於 2018 開始送電，2019 年 7 月才正式揭幕。,營運,310,,365×0.85=310.25 MW；官方寫 310 MW,Vestas V52,0.85,,2017 完工風機,2018-09 送電；2019-03 全面商轉；2019-07 揭幕,Lake Turkana Wind Power Ltd,,,,,,,1,LTWP,https://ltwp.co.ke/frequently-asked-questions/,https://ltwp.co.ke/our-journey/,https://ltwp.co.ke/lake-turkana-wind-power-connected-to-the-national-grid/,風場照片／官方頁面,業主網站；公開使用需取得授權,主管機關／業主一手資料,2019 揭幕新聞稿出現 356 部誤植；採 FAQ、2018 通告及後續資料一致的 365 部。,2026-09-28
WIND-015,2019,年,2019,歐洲,英國,北海約克郡外海,離岸,發展里程碑,啟用／建置,Hornsea 1,Hornsea 1 投運，風場跨過 1 GW,"174 部風機、1,218 MW；以業主 2019 年報的 commissioned 表述。",營運,1218,,"風場出口／官方容量 1,218 MW",Siemens Gamesa 7 MW 級,7,,,2019 業主年報認列投運,Ørsted 等,,,,53.6815,1.4207,GEM 2026-02 期別參考點；非事故機位,1,Ørsted,https://orsted.com/en/company-announcement-list/2020/01/1977248,https://orsted.com/en/media/news/2019/10/958120598625338,https://orsted.com/en/media/news/2019/10/958120598625338,風場施工照片／業主頁面,業主網站；公開使用需取得授權,主管機關／業主一手資料,新聞早期曾預期 2020 Q1 完工，年報則認列 2019 投運；日期採年精度。,2026-09-28
WIND-016,2020-01,月,2020,亞洲,台灣,苗栗外海,離岸,發展里程碑,啟用／建置,海洋風電 Formosa 1,台灣首座商業規模離岸風場正式商轉,2019 年底施工完成，2020 年 1 月商轉；2 部 4 MW 與 20 部 6 MW，合計 128 MW。,營運,128,,2×4+20×6 MW,Siemens Gamesa 4／6 MW,4／6,單樁,,2019 年底完工；2020-01 商轉,Ørsted、JERA、Seagull、Stonepeak 等,,,,24.7097,120.8152,GEM 2026-02 期別參考點；非事故機位,1,Ørsted Taiwan,https://orsted.tw/en/renewable-energy-solutions/offshore-wind/our-projects,https://orsted.tw/en/news/2019/11/fowi-inauguration,https://orsted.tw/en/renewable-energy-solutions/offshore-wind/our-projects,風場照片／業主專案頁,Ørsted 網站；公開使用需授權,主管機關／業主一手資料,2019-11 已揭幕，但業主專案頁明列 2020-01 正式商轉。,2026-09-28
WIND-017,2021-06,月,2021,南美洲,巴西,Piauí,陸域,發展里程碑,啟用／建置,Lagoa dos Ventos 初期,南美大型陸域風場全面商轉,初期 716 MW、230 部風機全面運轉；後續擴建使同名案場統計容量增加。,營運,716,,2021 初期工程容量，不含後續擴建,,,,,2021-06 全面商轉,Enel Green Power,,,,,,,1,Enel Green Power,https://www.enelgreenpower.com/es/medios/press/2021/06/enel-green-power-inicia-operacion-comercial-parque-eolico-mas-grande-sudamerica-lagoa-dos-ventos-brasil,https://www.enelgreenpower.com/our-projects/highlights/lagoa-dos-ventos-wind-project,https://www.enelgreenpower.com/our-projects/highlights/lagoa-dos-ventos-wind-project,風場照片／官方專案頁,Enel 網站；公開使用需授權,主管機關／業主一手資料,"官方現況頁顯示擴建後 1,063.05 MW；事件容量保留 2021 當時的 716 MW。",2026-09-28
WIND-018,2021-08-07,日,2021,亞洲,沙烏地阿拉伯,Al Jouf／Dumat Al Jandal,陸域,發展里程碑,啟用／建置,Dumat Al Jandal,沙國首座大型風場開始首批送電,99 部 Vestas 4.2 MW；業主於 2021 年 8 月 7 日宣布首批發電，當時風機架設尚未全數完成。,首發電／施工中,400,,專案輸出 400 MW；99×4.2=415.8 MW 機組名目,Vestas 4.2 MW,4.2,,2019-09 開工,,EDF Renewables、Masdar、Nesma,,,,,,,1,Masdar,https://masdar.ae/en/news/newsroom/saudi-arabias-first-wind-farm-starts-electricity-generation,,https://masdar.ae/en/news/newsroom/saudi-arabias-first-wind-farm-starts-electricity-generation,專案新聞頁圖片（需核對是否風場）,Masdar 網站；公開使用需授權,主管機關／業主一手資料,事件日為公告日；首發電實際時點可能略早。,2026-09-28
WIND-019,2021-08-12,日,2021,歐洲,挪威,Fosen 半島,陸域,發展里程碑,啟用／建置,Fosen Vind（六座風場）,歐洲大型陸域風場群揭幕,"六個風場、277 部風機，合計 1,057 MW；2016 開工、2020 夏末完成施工，最後風機 2021 年 1 月投運。",營運,1057,,六座風場群，勿與分場資料加總,,,,2016-02 開工,2020 夏末工程完成；2021-08 揭幕,Statkraft 主導 Fosen Vind DA 等,,,,,,,1,BKW（投資方）,https://www.bkw.ch/en/about-us/news/blog/focus/fosen-vind-project-completed,,https://www.bkw.ch/en/about-us/news/blog/focus/fosen-vind-project-completed,Fosen 風機照片,BKW／攝影者權利；公開使用需授權,主管機關／業主一手資料,,2026-09-28
WIND-020,2021-09-27,日,2021,北美洲,加拿大,New Brunswick／Kent Hills,陸域,事故／故障,塔架／基礎失效,Kent Hills 1／2／3,風機塔架倒塌，50 座基礎需重建,167 MW 風場一部塔架倒塌；後續分析認定 Kent Hills 1、2 的原設計缺陷致基礎裂縫擴展，需更換 50 座基礎。,營運中斷／整修,167,,Kent Hills 全場 167 MW，不等於本次受損 MW,,,,,,TransAlta,0,0,業主稱塔倒未造成人員受傷,,,,1,TransAlta,https://transalta.com/newsroom/transalta-reports-exceptional-third-quarter-2021-results-and-increases-annual-guidance,https://transalta.com/newsroom/transalta-reports-fourth-quarter-and-full-year-results,,未確認有對應照片,,主管機關／業主一手資料,損傷設計根因由後續獨立工程分析公布；50 是需換基礎的風機數，非倒塌數。,2026-09-28
WIND-021,2021-10,月,2021,歐洲,挪威,Fosen 半島,陸域,政策／社會,原住民族權利／司法,Fosen Vind（Storheia／Roan）,最高法院判定風場許可侵犯薩米馴鹿放牧文化權,挪威最高法院認定相關許可決定無效，成為能源建設與原住民族權利的重要判例。,營運；後續協商處理,1057,,1057 MW 是六座風場群，判決主體為 Storheia、Roan,,,,,,Fosen Vind DA,,,,,,,1,挪威國家人權機構 NIM,https://www.nhri.no/en/2023/about-the-wind-farms-on-fosen-and-the-supreme-court-judgment/,,https://www.nhri.no/en/2023/about-the-wind-farms-on-fosen-and-the-supreme-court-judgment/,Storheia 風機照片／非判決當日,NIM／攝影者 Hanna Jhore；公開使用需授權,主管機關／業主一手資料,判決日期僅以 2021-10 月精度收錄。,2026-09-28
WIND-022,2022,年,2022,歐洲,法國,Saint-Nazaire 外海,離岸,發展里程碑,啟用／建置,Saint-Nazaire,法國首座商業離岸風場全面營運,80 部 GE 6 MW，合計 480 MW。,營運,480,,80×6 MW,GE Haliade 150-6 MW,6,單樁,,2022 年底,EDF Renewables、Enbridge／CPP Investments,,,,47.2146,-2.2724,GEM 2026-02 期別參考點；非事故機位,1,EDF Renewables,https://edf-renouvelables.com/en/communiques/parc-eolien-en-mer-de-saint-nazaire-la-premiere-eolienne-en-mer-de-france-est-posee/,https://edf-renouvelables.com/nos-solutions/eolien-en-mer/,https://edf-renouvelables.com/en/communiques/parc-eolien-en-mer-de-saint-nazaire-la-premiere-eolienne-en-mer-de-france-est-posee/,安裝風機照片／業主新聞頁,EDF／攝影者權利；公開使用需授權,主管機關／業主一手資料,,2026-09-28
WIND-023,2022-04-06,日,2022,歐洲,丹麥,Anholt 外海,離岸,事故／故障,轉子脫落,Anholt Offshore Wind Farm,整組轉子與三片葉片脫離機艙入海,業主暫停同類 SGRE 3.6／4.0 MW 風機檢查，事件未造成傷者。,營運,400,3.6,風場 400 MW；單機依同型 3.6 MW,Siemens Gamesa 3.6 MW,3.6,單樁,,,Ørsted 等,0,0,業主明確說明無人受傷,56.5897,11.1827,GEM 2026-02 期別參考點；非事故機位,1,Ørsted,https://orsted.com/en/media/news/2022/04/incident-at-anholt-offshore-wind-farm,,,未確認有對應照片,,主管機關／業主一手資料,初步業主通報僅述轉子脫落，不在此自行判定根因。,2026-09-28
WIND-024,2022-08-31,日,2022,歐洲,英國,北海 Yorkshire 外海,離岸,發展里程碑,啟用／建置,Hornsea 2,"1,320 MW Hornsea 2 全面營運",165 部風機；在宣布時為全球最大營運離岸風場。,營運,1320,,165×8 MW,Siemens Gamesa 8 MW 級,8,,,2022-08-31 全面營運,Ørsted,,,,53.96,1.54,GEM 2026-02 期別參考點；非事故機位,1,Ørsted,https://orsted.com/en/media/news/2022/08/20220831559011,,https://orsted.com/en/media/news/2022/08/20220831559011,風場照片／官方新聞頁,業主網站；公開使用需授權,主管機關／業主一手資料,,2026-09-28
WIND-025,2023,年,2023,亞洲,中國,內蒙古興安盟,陸域,發展里程碑,啟用／建置,中廣核興安盟風電基地,"3,000 MW 陸域風電基地投入運作",中廣核稱此案在 2023 年投入運作，當時為中國最大營運陸域風電基地。,營運,3000,,風電基地合計；非單一風場,,,,,,中廣核 CGN,,,,,,,1,CGN,https://en.cgnp.com.cn/encgnp/c100866/2024-04/22/content_1f367195c7b74879b9a8a71c4293e952.shtml,,,未確認有對應照片,,主管機關／業主一手資料,基地與單一風場的定義不同；不作全球單場排名。,2026-09-28
WIND-026,2023,年,2023,亞洲,中國,廣東惠州港外海,離岸,發展里程碑,啟用／建置,中廣核惠州港海上風電,粵港澳大灣區 1 GW 級海風投運,"中廣核稱惠州港 1,000 MW 離岸案場已建成運行，為該區首個 GW 級海風案。",營運,1000,,專案總容量,,,,,,中廣核 CGN,,,,,,,2,CGN,https://en.cgnp.com.cn/encgnp/c100866/2024-04/22/content_1f367195c7b74879b9a8a71c4293e952.shtml,,,未確認有對應照片,,主管機關／業主一手資料,,2026-09-28
WIND-027,2023-01-31,日,2023,亞洲,日本,秋田港／能代港,離岸,發展里程碑,啟用／建置,秋田港及能代港海上風場,日本大型港灣離岸風場全面商轉,秋田港 13 部、能代港 20 部，均為 4.2 MW；能代先於 2022-12 商轉，秋田 2023-01-31 商轉。,營運,138.6,,33×4.2=138.6 MW；業主約稱 140 MW,Vestas V117-4.2,4.2,固定式（港灣案）,,2023-01-31 兩港全面商轉,秋田洋上風力發電株式會社 AOW,,,,39.7593,140.0421,GEM 2026-02 秋田港參考點，非能代港位置,1,AOW,https://aow.co.jp/jp/project/,https://aow.co.jp/jp/eventa/pro_list.html,https://aow.co.jp/jp/project/,兩港風場官方照片,AOW 網站；公開使用需授權,主管機關／業主一手資料,此列兩港合併，避免與能代／秋田各別列重複加總。,2026-09-28
WIND-028,2023-03-17,日,2023,亞洲,日本,青森縣六所村,陸域,事故／故障,塔架倒塌,六ヶ所村風力發電所,GE 1.5s 風機倒塌，主管機關要求緊急點檢,一部塔架倒塌，風場停機並限入；METI 要求同型機組業者展開檢查。,營運中斷,33,1.5,22×1.5 MW,GE 1.5s,1.5,,,,,,,,,,,2,日本經產省 METI,https://www.meti.go.jp/press/2023/04/20230407002/20230407002.html,https://www.meti.go.jp/shingikai/sankoshin/hoan_shohi/denryoku_anzen/denki_setsubi/pdf/019_04_02.pdf,,未確認有對應照片,,主管機關／業主一手資料,未在可核對的官方摘要看到傷亡數，故留空。,2026-09-28
WIND-029,2023-05-09,日,2023,亞洲,日本,長崎縣五島市／岸上製作場,離岸,事故／故障,浮體製造瑕疵／延後商轉,五島洋上 Wind Farm,兩座浮體製造缺陷使商轉延期,戶田建設發現兩座正在岸上製作的浮體有缺陷；聯盟後續將商轉目標由 2024 年 1 月延至 2026 年 1 月。,施工中,16.8,,整場計畫 16.8 MW；事故為 2 座浮體瑕疵,,,浮動混合 SPAR,,,戶田建設等聯盟,,,,32.6348,128.9913,GEM 計畫海域參考點；瑕疵發生在岸上製作場,1,Chubu Electric／戶田建設,https://www.chuden.co.jp/english/corporate/releases/pressreleases/1212340_5163.html,https://www.toda.co.jp/news/2023/20230922_003258.html,,未確認有對應照片,,主管機關／業主一手資料,日期為首次發現公告日；實際缺陷形成時間未知。,2026-09-28
WIND-030,2023-08-23,日,2023,歐洲,挪威,北海 Gullfaks／Snorre,離岸,發展里程碑,啟用／建置,Hywind Tampen,88 MW 浮動風場正式揭幕,11 座 SPAR 浮動基礎，供電給海上油氣平台；2022 年開始部分發電，2023 夏天全數運作。,營運,88,,系統輸出 88 MW,,8,浮動 SPAR,,2023 夏天全面營運；8 月揭幕,Equinor 等,,,,61.3284,2.2592,GEM 2026-02 期別參考點；非事故機位,1,Equinor,https://www.equinor.com/news/20230823-hywind-tampen-officially-opened,https://www.equinor.com/energy/hywind-tampen,https://www.equinor.com/news/20230823-hywind-tampen-officially-opened,風場照片／業主新聞頁,Equinor 網站；公開使用需授權,主管機關／業主一手資料,,2026-09-28
WIND-031,2023-09,月,2023,亞洲,日本,秋田縣能代港,離岸,事故／故障,潤滑油洩漏／復發,能代港海上風場,能代港風機漏油並於同月再次通報,AOW 9 月 12 日發布漏油通報、9 月 25 日發布復發通報、9 月 28 日發布原因說明。,營運,84,,能代港 20×4.2 MW；與秋田港合計 138.6 MW,Vestas V117-4.2,4.2,,,,AOW,,,,40.2145,139.9786,GEM 2026-02 期別參考點；非事故機位,2,AOW,https://aow.co.jp/jp/eventa/pro_list.html,https://aow.co.jp/jp/eventa/item.cgi?105=&pro=,,未確認有對應照片,,業主公告索引核對，細節待補,事件日期採月精度；索引可核對三次公告日期，個別公告舊站擷取受限，不填漏出量或根因。,2026-09-28
WIND-032,2023-09-29,日,2023,歐洲,荷蘭,荷蘭北海岸外,離岸,發展里程碑,啟用／建置,Hollandse Kust Zuid,1.5 GW 離岸風場舉行揭幕,139 部風機，官方稱約 1.5 GW；揭幕與完成所有商轉程序非同義。,揭幕（商轉狀態另查）,1500,,業主公布 1.5 GW,Siemens Gamesa 11 MW 級,,單樁,,,Vattenfall、BASF、Allianz,,,,52.554,4.3374,GEM 2026-02 期別參考點；非事故機位,2,Vattenfall,https://group.vattenfall.com/press-and-media/pressreleases/2023/offshore-windfarm-hollandse-kust-zuid-inaugurated.-vattenfall-basf-and-allianz-showcase-innovation-and-biodiversity,,https://group.vattenfall.com/press-and-media/pressreleases/2023/offshore-windfarm-hollandse-kust-zuid-inaugurated.-vattenfall-basf-and-allianz-showcase-innovation-and-biodiversity,風場／揭幕新聞頁圖片,Vattenfall 網站；公開使用需授權,主管機關／業主一手資料,2023 年報另稱預計 2024 全面營運；此列僅記 2023 揭幕。,2026-09-28
WIND-033,2023-10-17,日,2023,歐洲,英國,蘇格蘭 Angus 外海,離岸,發展里程碑,啟用／建置,Seagreen,最深固定基礎大型離岸風場全面營運,114 部 Vestas V164-10 MW，最深基礎 58.7 m。,營運,1075,,"對外供電／官方容量 1,075 MW；風機名目 114×10=1,140 MW",Vestas V164-10.0,10,桁架式 jacket,,2023-10 全面營運,SSE Renewables、TotalEnergies 等,,,,56.6355,-1.9266,GEM 2026-02 期別參考點；非事故機位,1,SSE Renewables,https://www.sserenewables.com/news-and-views/2023/10/scotland-s-largest-offshore-wind-farm-now-fully-operational/,,https://www.sserenewables.com/news-and-views/2023/10/scotland-s-largest-offshore-wind-farm-now-fully-operational/,風場照片／業主新聞頁,業主網站；公開使用需授權,主管機關／業主一手資料,,2026-09-28
WIND-034,2023-10-31,日,2023,北美洲,美國,紐澤西州外海（規劃）,離岸,政策／投資,大型開發取消,Ocean Wind 1／2,Ørsted 停止兩座規劃離岸風場開發,"取消 1,100 MW 與 1,148 MW 兩案，反映供應鏈、成本與許可等壓力；規劃容量不可列為實際裝置容量。",停止開發,2248,,"1,100+1,148 MW 為規劃容量，未建成",,,,,,Ørsted,,,,,,,1,Ørsted,https://us.orsted.com/news-archive/2023/10/orsted-ceases-development-of-ocean-wind-1-and-ocean-wind-2,https://orsted.com/en/company-announcement-list/2023/10/oersted-ceases-development-of-its-us-offshore-wind-73751,,未確認有對應照片,,主管機關／業主一手資料,整體取消計畫，不是運轉風場事故。,2026-09-28
WIND-035,2024-03-14,日,2024,北美洲,美國,紐約 Long Island 外海,離岸,發展里程碑,啟用／建置,South Fork Wind,美國首座商業規模離岸風場落成,12 部 11 MW 風機，合計 132 MW，新聞日所有風機安裝完成並送電。,營運,132,,12×11 MW,Siemens Gamesa 11 MW,11,單樁,2023-06 首根單樁,2024-03 完工／供電,Ørsted、Eversource,,,,41.0584,-71.2074,GEM 2026-02 期別參考點；非事故機位,1,Ørsted,https://us.orsted.com/news-archive/2024/03/south-fork-wind-powers-up-new-era-for-american-clean-energy,https://orsted.com/en/offshore-wind/our-offshore-wind-farms,https://us.orsted.com/news-archive/2024/03/south-fork-wind-powers-up-new-era-for-american-clean-energy,風場／活動頁面圖片,業主網站；公開使用需授權,主管機關／業主一手資料,,2026-09-28
WIND-036,2024-04-25,日,2024,亞洲,台灣,彰化外海,離岸,發展里程碑,啟用／建置,大彰化東南及西南一期 Changhua 1／2a,900 MW、111 部機組全面併網,2021 年 3 月海上施工，2022 年 4 月首發電；2024 年 4 月完成 111 部併網與揭幕。,營運,900,,核配／官方 900 MW；111×8.0=888 MW 額定基礎值,Siemens Gamesa SG 8.0-167 DD,8,桁架式 jacket,2021-03 海上施工,2024-04 全數併網,Ørsted、CDPQ、國泰私募股權等,,,,24.2306,120.0278,GEM 2026-02 大彰化 1 期參考點；合併案不代表 2a 中心,1,Ørsted Taiwan,https://orsted.tw/zh/news/2024/04/chw1and2a_inaguration,,https://orsted.tw/zh/news/2024/04/chw1and2a_inaguration,風場／揭幕新聞頁圖片,業主網站；公開使用需授權,主管機關／業主一手資料,本列合併 1+2a；不要與各分期重複加總。,2026-09-28
WIND-037,2024-05,月,2024,歐洲,英國,北海 Dogger Bank A,離岸,事故／故障,葉片受損,Dogger Bank A,已裝設 Haliade-X 葉片受損,SSE 說明一片已裝設葉片受損並調查；案件仍在建造階段。,施工／試運轉,1200,,A 期計畫 1.2 GW；單片受損不等於全場停機,GE Vernova Haliade-X,,,,,SSE Renewables、Equinor、Vårgrønn,,,,55.9673,2.33,GEM 2026-02 期別參考點；非事故機位,2,SSE Renewables,https://www.sserenewables.com/news-and-views/2024/05/incident-at-dogger-bank-wind-farm/,,,未確認有對應照片,,主管機關／業主一手資料,原通告稱 last week，故採 2024-05 月精度。,2026-09-28
WIND-038,2024-05-22,日,2024,亞洲,台灣,彰化外海,離岸,發展里程碑,啟用／建置,彰芳暨西島 Changfang／Xidao,600 MW 離岸風場建置完成,62 部 Vestas V174-9.6 MW，GPSC 與 CIP 慶祝施工完成。,工程完成,600,,官方整場 600 MW；62×9.6=595.2 MW,Vestas V174-9.6,9.6,桁架式 jacket,,2024-05 建造完成儀式,CIP、GPSC 等,,,,24.11673,120.18023,GEM 2026-02 期別參考點；非事故機位,2,GPSC,https://www.gpscgroup.com/en/investor-relations/news/press-releases/1409/gpsc-and-cip-showcase-success-in-completing-the-construction-of-600mw-windfarm-in-taiwan-focusing-on-the-development-of-innovation-technologies-and-the-extension-of-windfarms-in-asia,https://www.gpscgroup.com/en/investor-relations/news/press-release/1410/gpsc-and-cip-announces-their-success-in-the-600mw-offshore-windfarm-in-taiwan-getting-ready-for-the-expansion-of-wind-power-market-in-asia,https://www.gpscgroup.com/en/investor-relations/news/press-releases/1409/gpsc-and-cip-showcase-success-in-completing-the-construction-of-600mw-windfarm-in-taiwan-focusing-on-the-development-of-innovation-technologies-and-the-extension-of-windfarms-in-asia,風場／活動新聞頁圖片,GPSC 網站；公開使用需授權,主管機關／業主一手資料,,2026-09-28
WIND-039,2024-06-27,日,2024,亞洲,中國,福建漳浦六鰲外海,離岸,發展里程碑,啟用／建置,漳浦六鰲二期,批量使用 16 MW 級機組案場全容量併網,風場 28 部、400.2 MW；其中 6 部 16 MW，另有 14.3 MW 與 13 MW 機組。,全容量併網,400.2,,28 部混合容量，非全部 16 MW,金風 GWH252-16／14.3 MW 等,13／14.3／16,固定式（未逐機查證）,,2024-06-27,中國三峽集團／三峽能源,,,,23.917,118.183,GEM 2026-02 期別參考點；非事故機位,1,中國三峽集團,https://www.ctg.com.cn/sxxnychina/1077761/1077661/2024080501095297556/index.html,https://eps.ctg.com.cn/cms/channel/2ywgg1/240611499.htm,https://tgdc.ctg.com.cn/tgdc/858404/858411/2024080904152270378/index.html,風場施工照片／業主新聞頁,三峽集團網站；公開使用需授權,主管機關／業主一手資料,2024 後有新增 20 MW 樣機規劃；此列記 2024-06 當時 400.2 MW 期別。,2026-09-28
WIND-040,2024-07-13,日,2024,北美洲,美國,麻州 Martha’s Vineyard 外海,離岸,事故／故障,葉片斷裂／碎片漂流,Vineyard Wind 1,葉片斷裂導致碎片漂至 Nantucket,美國 BSEE 下令所有機組暫停發電並要求調查；海灘清理與材料回收延續數週。,施工／部分送電,806,,整場規劃 806 MW，當日未全數營運,GE Vernova Haliade-X 13 MW,13,單樁,,,Vineyard Wind（Avangrid／CIP）,,,,41.0471,-70.4874,GEM 2026-02 期別參考點；非事故機位,1,美國 BSEE／Vineyard Wind,https://www.bsee.gov/newsroom/latest-news/statements-and-releases/press-releases/bsee-statement-on-vineyard-wind,https://www.vineyardwind.com/press-releases/2024/8/9/incident-response-and-action-plan,https://www.capeandislands.org/local-news/2024-07-18/vineyard-wind-damaged-blade-could-fall-soon,事故斷裂葉片現場照／Nantucket Current 攝影,Nantucket Current／攝影者授權必要,主管機關／業主一手資料,不將後續初步製造偏差直接寫成最後事故調查結論。,2026-09-28
WIND-041,2024-08-22,日,2024,歐洲,英國,北海 Dogger Bank A,離岸,事故／故障,葉片斷裂,Dogger Bank A,施工中的 Haliade-X 葉片再度故障,SSE 確認安裝於 Dogger Bank A 的一部機組葉片失效；施工延誤與後續檢查分開評估。,施工／試運轉,1200,,A 期規劃容量,GE Vernova Haliade-X,,,,,SSE Renewables、Equinor、Vårgrønn,,,,55.9673,2.33,GEM 2026-02 期別參考點；非事故機位,1,SSE Renewables,https://www.sserenewables.com/news-and-views/2024/08/incident-at-dogger-bank-wind-farms/,https://www.sserenewables.com/news-and-views/2024/09/dogger-bank-wind-farm-update-september-2024/,,未確認有對應照片,,主管機關／業主一手資料,業主 9 月說 2024 年有三次 Haliade-X 葉片事件；本列日期特指 8/22。,2026-09-28
WIND-042,2024-09,月,2024,歐洲,英國,Shetland,陸域,發展里程碑,啟用／建置,Viking Wind Farm,Shetland 443 MW 陸域風場營運,103 部 Vestas 機組，業主專案頁稱 9 月工程完成。,營運,443,,103×4.3=442.9 MW 名目；另篇公告寫 434 MW,Vestas 4.3 MW 運轉模式,4.3,,2020 開工,2024-09 完工,SSE Renewables,,,,,,,2,SSE Renewables,https://www.sserenewables.com/onshore-wind/great-britain/viking/,https://www.sserenewables.com/news-and-views/2024/08/landmark-moment-as-sse-powers-up-viking-wind-farm-on-shetland/,https://www.sserenewables.com/onshore-wind/great-britain/viking/,風場照片／業主專案頁,業主網站；公開使用需授權,主管機關／業主一手資料,SSE 2024-08 新聞稱 434 MW、專案頁稱 443 MW；容量採機組名目總和並揭露差異。,2026-09-28
WIND-043,2024-09-13,日,2024,北美洲,美國,麻州外海／WTG AS-42,離岸,事故／故障,工作者高處墜落／重傷,Vineyard Wind 1,風機塔筒內開口墜落致一名技師重傷,BSEE 調查認定欄杆未復位、未使用防墜設備及照明不足等因素；傷者由海巡直升機送醫。,施工／試運轉,806,,,,,,,,Vineyard Wind,,1,BSEE 官方報告 1 名重傷,41.0471,-70.4874,GEM 風場參考點；非 WTG AS-42 精確座標,1,美國 BSEE 事故調查,https://www.bsee.gov/sites/bsee.gov/files/2026-03/VW1%20AS-42%202010%20Form_Redacted_23Dec2025_0.pdf,,,未確認有對應照片,,主管機關／業主一手資料,這是另一筆人員傷害事件，與 7 月葉片斷裂不可合併統計。,2026-09-28
WIND-044,2024-10-04,日,2024,大洋洲,澳洲,昆士蘭州,陸域,發展里程碑,啟用／建置,MacIntyre Wind Farm,923 MW 計畫首批風機開始送電,先期 27 部連網，當時運轉容量 154 MW；923 MW 是整場目標，不是當日已投運量。,首發電／分期建設,923,154,923 MW 整場；本事件已併網 154 MW,,,,2022 起施工,,ACCIONA Energía、Ark Energy,,,,,,,1,ACCIONA Energía,https://www.acciona.com/updates/news/acciona-energias-macintyre-wind-farm-starts-generating-electricity,,https://www.acciona.com/updates/news/acciona-energias-macintyre-wind-farm-starts-generating-electricity,風場施工／首發電新聞頁圖片,ACCIONA 網站；公開使用需授權,主管機關／業主一手資料,,2026-09-28
WIND-045,2024-11-11,日,2024,大洋洲,澳洲,維多利亞州 Rokewood,陸域,事故／故障,吊裝工程死亡,Rokewood 風場工地,施工風機葉片移位擊中工人致死,79 m 葉片在地面起吊準備時從支撐台移位，擊中 36 歲工人。,施工中,,,,,,,,,,1,,WorkSafe Victoria 確認 1 人死亡,,,,1,WorkSafe Victoria,https://www.worksafe.vic.gov.au/news/2024-11/worksafe-investigates-wind-farm-fatality,https://www.worksafe.vic.gov.au/safety-alerts/worker-crushed-and-killed-wind-turbine-blade,https://www.worksafe.vic.gov.au/safety-alerts/worker-crushed-and-killed-wind-turbine-blade,工安示意圖／非事故現場照片,WorkSafe 圖示；使用條件需另查,主管機關／業主一手資料,主管機關通報以 Rokewood 工地稱呼，正式案場名稱待補。,2026-09-28
WIND-046,2024-12,月,2024,亞洲,中國,廣東陽江青洲外海,離岸,發展里程碑,啟用／建置,青洲六,"1,000 MW 深水離岸風場全容量併網",74 部海上風機；業主 2026 採購資料確認 2024 年 12 月全容量併網。,營運,1000,,業主所列風場裝置容量；多種單機規格,,,固定式（子型式需逐機確認）,,2024-12 全容量併網,三峽新能源陽江發電有限公司,,,,20.9912,111.4957,GEM 2026-02 期別參考點；非事故機位,2,中國三峽集團採購平台,https://eps.ctg.com.cn/cms/channel/2ywgg1/240639607.htm,https://eps.ctg.com.cn/cms/channel/1ywgg1/240633578.htm,,未確認有對應照片,,主管機關／業主一手資料,舊招標期程寫預計 2024-06；採後續運維採購資料的實際 2024-12。,2026-09-28
WIND-047,2024-12-25,日,2024,亞洲,中國,黑龍江哈爾濱通河縣岔林河農場,陸域,事故／故障,塔架焊縫疲勞／倒塔,國能通河縣 150 MW 風電項目,14 號機倒塔壓損線路塔,官方調查認定環焊縫初始焊接缺陷及疲勞裂紋導致塔架失效；現場無傷亡。,營運／故障,150,5,30×5 MW；事件 1 部 5 MW,國電聯合動力 UP5000-195,5,,,,國能通河縣新能源有限公司,0,0,監管調查明列無人員傷亡,,,,1,中國國家能源局東北監管局,https://dbj.nea.gov.cn/dtyw/tzgg/202602/t20260228_296938.html,,,未確認有對應照片,,主管機關／業主一手資料,與 2025-01-09 第二起事故分列；兩案合計直接損失人民幣 897.39 萬元。,2026-09-28
WIND-048,2025-01-09,日,2025,亞洲,中國,黑龍江哈爾濱通河縣三站鎮,陸域,事故／故障,塔架焊縫疲勞／倒塔,國能通河縣 150 MW 風電項目,同風場 17 號機再倒塔,相隔 15 天第二起，官方認定塔筒焊縫缺陷與交變載荷疲勞開裂；無人員傷亡。,營運／故障,150,5,30×5 MW；事件 1 部 5 MW,國電聯合動力 UP5000-195,5,,,,國能通河縣新能源有限公司,0,0,監管調查明列兩起事件均無人員傷亡,,,,1,中國國家能源局東北監管局,https://dbj.nea.gov.cn/dtyw/tzgg/202602/t20260228_296938.html,,,未確認有對應照片,,主管機關／業主一手資料,兩起同風場倒塔是不同事件；資料發表於 2026-02，事故發生於 2025-01。,2026-09-28
WIND-049,2025-06-05,日,2025,歐洲,法國,普羅旺斯 Golfe de Fos 外海,離岸,發展里程碑,啟用／建置,Provence Grand Large,法國首座浮動風場全面商轉,3 部浮動風機，計畫輸出約 25 MW。,營運,25,,計畫對外容量 25 MW,,,浮動張力腿式（tension-leg）,,2025-06-05 全面商轉,EDF Renewables、Enbridge／CPP Investments,,,,43.1665,4.9709,GEM 2026-02 期別參考點；非事故機位,1,EDF Renewables,https://edf-renouvelables.com/en/provence-grand-large-mise-en-service-complete/,,https://provencegrandlarge.fr/en/photos-videos/,專案照片媒體庫（含營運風場照）,EDF／攝影者權利；逐張授權,主管機關／業主一手資料,業主頁明確記載採張力腿式浮體。,2026-09-28
WIND-050,2025-08,月,2025,亞洲,台灣,彰化外海,離岸,事故／故障,輸出海纜受損／工期延後,大彰化西南二期 Changhua 2b,輸出海纜受損推遲專案時程,Ørsted 2025 年 8 月得知 2b 輸出纜線受損；受影響分期 337 MW，合併 2b+4 為 920 MW。,施工／修復,920,337,920 MW 合併案；337 MW 為 2b 受影響分期,,,,,,Ørsted,,,,24.1518,119.9938,GEM 2026-02 期別參考點；非事故機位,2,Ørsted 募資公開說明書,https://cdn.orsted.com/-/media/rights-issue/orsted-as-prospectus.pdf?hash=62C2F4234D6F343C90EED5FC1F8B5055&rev=214874e3916b4d0ebfbad3185a826766,,,未確認有對應照片,,主管機關／業主一手資料,未查到公開資訊指明事故發生日，日期為業主獲報月份；不推定有傷亡。,2026-09-28
WIND-051,2025-08-21,日,2025,亞洲,台灣,雲林外海,離岸,發展里程碑,啟用／建置,允能 Yunlin,640 MW、80 部風機正式全面商轉,2025 年 1 月全數併網，8 月完成電業執照及合約要求後正式宣布商轉。,營運,640,,80×8 MW,Siemens Gamesa 8 MW 級,8,單樁,,2025-01 全數併網；2025-08 商轉,Skyborn、TotalEnergies 等,,,,23.5998,120.0283,GEM 2026-02 期別參考點；非事故機位,1,Yunlin Offshore Wind Farm,https://www.yunlin-offshore.com/tw/newsroom__article/9afB549C45bF,,https://www.yunlin-offshore.com/tw/newsroom__article/9afB549C45bF,風場／商轉新聞頁圖片,業主網站；公開使用需授權,主管機關／業主一手資料,,2026-09-28
WIND-052,2026-01-05,日,2026,亞洲,日本,長崎縣五島市沖,離岸,發展里程碑,啟用／建置,五島洋上 Wind Farm,日本首座商業浮動式風場營運,8 部 2.1 MW，共 16.8 MW，混合鋼與混凝土 SPAR 浮體。,營運,16.8,,8×2.1 MW,Hitachi 2.1 MW,2.1,浮動混合 SPAR,,2026-01-05 商轉,五島 Floating Wind Farm LLC／戶田建設等,,,,32.6348,128.9913,GEM 2026-02 期別參考點；非事故機位,1,戶田建設／日本經產省,https://www.toda.co.jp/news/2026/20260105_006181.html,https://www.meti.go.jp/press/2025/01/20260105001/20260105001.html,https://www.toda.co.jp/news/2026/20260105_006181.html,浮體／風場照片（業主頁）,戶田建設網站；公開使用需授權,主管機關／業主一手資料,,2026-09-28
WIND-053,2026-02-02,日,2026,亞洲,南韓,慶尚北道盈德郡,陸域,事故／故障,塔架折彎／老舊機組,Yeongdeok Wind Farm 盈德風場,21 號機塔架折彎引發特別安全檢查,政府宣布 2 月 2 日塔架折彎事故，對老舊風機展開特別安全檢查；後續 3 月另有 19 號機火災。,營運／事故,37.95,,23×1.65 MW，依韓國主管機關設備表,,1.65,,,,,,,,,,,2,韓國氣候能源環境部,https://me.go.kr/home/web/board/read.do?boardCategoryId=&boardId=1840360&boardMasterId=939&decorator=&maxIndexPages=10&maxPageItems=10&menuId=10598&orgCd=&pagerOffset=160&searchKey=&searchValue=,https://mcee.go.kr/home/web/newsRead.do?boardId=1851690&boardMasterId=939,,未確認有對應照片,,主管機關／業主一手資料,不與 3 月火災合併；官方摘要未就本次 2/2 傷亡明示，留空。,2026-09-28
WIND-054,2026-03-02,日,2026,亞洲,日本,福岡縣北九州響灘港外,離岸,發展里程碑,啟用／建置,北九州響灘 Wind KitaQ 25,日本大型港灣離岸風場商轉,25 部 9.6 MW，機組額定總和 240 MW；電廠最大輸出 220 MW。,營運,220,,最大輸出 220 MW；機組額定 25×9.6=240 MW,Vestas V174-9.6,9.6,桁架式 jacket,,2026-03-02 商轉,Hibiki Wind Energy／J-POWER 等,,,,33.9728,130.7346,GEM 2026-02 期別參考點；非事故機位,1,Hibiki Wind Energy／J-POWER,https://hibikiwindenergy.co.jp/news/2026/0301.html,https://www.jpower.co.jp/english/news_release/pdf/news260302e.pdf,https://hibikiwindenergy.co.jp/news/2026/0301.html,風場／商轉新聞頁圖片,業主網站；公開使用需授權,主管機關／業主一手資料,,2026-09-28
WIND-055,2026-03-14,日,2026,北美洲,美國,羅德島／康乃狄克外海,離岸,發展里程碑,啟用／建置,Revolution Wind,704 MW 計畫開始首次送電,2026 年 3 月對新英格蘭輸出首批電力；當日並非 704 MW 全數投運。,首發電／持續施工,704,,整場規劃容量；當日實際併網 MW 未公布,,,,,,Ørsted、Skyborn（股權依時間變動）,,,,41.2338,-71.2457,GEM 2026-02 期別參考點；非事故機位,1,Ørsted,https://orsted.com/en/media/news/2026/03/revolution-wind-begins-delivering-power-to-new-eng-14833936,,https://orsted.com/en/media/news/2026/03/revolution-wind-begins-delivering-power-to-new-eng-14833936,首發電／風場業主新聞頁圖片,業主網站；公開使用需授權,主管機關／業主一手資料,,2026-09-28
WIND-056,2026-03-23,日,2026,亞洲,南韓,慶尚北道盈德郡,陸域,事故／故障,維修火災／人員死亡,Yeongdeok Wind Farm 盈德風場,19 號機維修火災造成 3 名工人死亡,維修葉片期間火災；官方確認 3 人死亡、起因調查中。,營運維修,37.95,1.65,23×1.65 MW；單機事故,,1.65,,,,,3,,韓國氣候能源環境部、勞動部皆確認 3 人死亡,,,,1,韓國勞動部／氣候能源環境部,https://www.moel.go.kr/news/enews/report/enewsView.do?news_seq=19116,https://mcee.go.kr/home/web/newsRead.do?boardId=1851690&boardMasterId=939,https://en.yna.co.kr/view/AEN20260323008652315,事故火災與葉片墜落現場照／讀者提供,Yonhap 標示 PHOTO NOT FOR SALE；勿直接下載或重製，另洽權利人,主管機關／業主一手資料,未將維修研磨工作推斷為火災原因；官方仍在調查。,2026-09-28
WIND-057,2026-05-31,日,2026,亞洲,台灣,雲林縣麥寮鄉,陸域,事故／故障,風機火災,台電麥寮風場,17 號風機機艙起火,2010 年商轉的 2 MW Vestas 機組火災，當日傍晚火勢受控；原因待調查。,營運,,2,起火單機 2 MW；整場容量不在官方通報中,Vestas（型號未公布）,2,,,該批機組 2010-05-27 商轉,台灣電力公司,,,,,,,1,台灣經濟部能源署,https://www.moea.gov.tw/mns/populace/news/News.aspx?kind=1&menu_id=40&news_id=122862,https://www.cna.com.tw/news/asoc/202605310121.aspx,https://www.cna.com.tw/news/asoc/202605310121.aspx,事故火災現場照／雲林縣消防局提供 CNA,中央社／消防局照片；公開使用前查權利,主管機關／業主一手資料,台電初步表示疑零件過熱，官方最終事故原因未確認；不填入既定根因。,2026-09-28
WIND-058,2026-08-08,日,2026,亞洲,台灣,彰化外海,離岸,事故／故障,風機火災,大彰化西北 Changhua 4,14 MW 單機異常停機後起火,風機自動跳脫停機後起火，火勢迅速熄滅；單機隔離，其他機組照常運作。,試運轉／部分營運,920,14,920 MW 是 2b+4 合併案；本事故約 14 MW 單機,Siemens Gamesa SG 14-236,14,桁架式 jacket,,,Ørsted,0,0,Ørsted 明確說無人受傷,24.2494,120.22,GEM 風場參考點，非起火機位；合併案總容量不等於 4 期,1,Ørsted Taiwan／經濟部能源署,https://orsted.tw/en/news/2026/08/chw04,https://www.moeaea.gov.tw/ECW/populace/news/News.aspx?kind=1&menu_id=41&news_id=34569,https://www.cna.com.tw/news/aloc/202608223001.aspx,風場一般照片，非事故火災畫面,Ørsted／中央社圖片；公開使用需授權,主管機關／業主一手資料,主管機關 8/27 表示影響約 14 MW；截至查證日根因仍待調查。,2026-09-28
WIND-059,2026-09-01,日,2026,亞洲,台灣,彰化外海,離岸,發展里程碑,啟用／建置,大彰化西南二期與西北 Changhua 2b／4,920 MW 大型工程完成，進入最後試運轉,66 部 SG 14-236 風機已安裝，舉辦工程完成典禮；英文業主公告表示仍待最後試運轉及法定程序。,工程完成／待全面商轉,920,,核配／專案 920 MW；機組額定 66×14=924 MW,Siemens Gamesa SG 14-236,14,桁架式 jacket,2025-02 海上開工,2026-09-01 工程完成典禮；全面商轉待確認,Ørsted、國泰人壽等,,,,24.2494,120.22,GEM 2026-02 大彰化 4 期參考點；合併案不代表 2b 中心,1,Ørsted Taiwan,https://orsted.tw/en/news/2026/09/completion-ceremony-for-920-mw-greater-changhua-2b,https://orsted.tw/en/news/2026/01/chw2204_wtg,https://orsted.tw/en/news/2026/09/completion-ceremony-for-920-mw-greater-changhua-2b,典禮照／風場新聞頁圖片，須核對單張,業主網站；公開使用需授權,主管機關／業主一手資料,中文版有「完工／運維」措辭；英文版明載待最後 commissioning，不填全面商轉。,2026-09-28
WIND-060,2008-09-28,日,2008,亞洲,台灣,台中港（高美濕地旁）,陸域,事故／故障,颱風／塔架倒塌,台電台中港風力發電站,薔蜜颱風吹斷台中港 2 號風機塔架,塔架在下段與中段接合處斷裂，上、中段倒塌變形，機艙與三片葉片嚴重受損；事後分析認定接合螺栓斷裂為主因，倒塌時 10 分鐘平均風速 56 m/s。,營運,36,,台電台中港風力發電站 18 部；本事件 1 部,,,,,,台灣電力公司,0,0,自由時報：所幸並沒有造成人員傷亡,,,,1,自由時報／華藝線上圖書館（鑑定論文）,https://news.ltn.com.tw/news/life/breakingnews/134281,https://www.airitilibrary.com/Article/Detail/22190953-201003-201607150022-201607150022-1-17,,未確認有對應照片,,媒體報導核對（出處原文已以 check_quotes 核對）,台灣首起風機塔架斷裂事故；傷亡未見報導，留空。,2026-09-29
WIND-061,2015-08-08,日,2015,亞洲,台灣,台中港與新北石門,陸域,事故／故障,颱風／塔架倒塌,台電台中港與石門風力（第一期機組）,蘇迪勒颱風吹倒台電 7 部風機,台中港高美濕地 6 部、石門 1 部攔腰折斷，另有多部葉片受損；均為 2003 年第一期招標、未經認證的試驗機型，台電估損失約 5.6 億元並成立調查小組。,營運,,,倒塌 7 部；台電另稱 8 部機組受損,,,,,,台灣電力公司,,,,,,,1,自由時報／公視新聞網／中央社,https://news.ltn.com.tw/news/life/breakingnews/1406741,https://news.pts.org.tw/article/303813,,未確認有對應照片,,媒體報導核對（出處原文已以 check_quotes 核對）,台電表示設計未納入「防颱不斷電」機制，颱風中失去電源致葉片失控；根因以台電調查結論為準。,2026-09-29
WIND-062,2016-09-27,日,2016,亞洲,台灣,台中港（高美濕地旁）,陸域,事故／故障,葉片斷裂,台電台中港風力發電站,梅姬颱風吹斷台中港 12 號風機葉片,"17 級陣風中 12 號機葉片斷裂落地；台電稱風速感測器故障、未能在 25 m/s 以上自動停機，損失約 1,380 萬元。",營運,36,,單機事件,,,,,,台灣電力公司,,,,,,,2,TVBS 新聞,https://news.tvbs.com.tw/life/676702,,,未確認有對應照片,,媒體報導核對（出處原文已以 check_quotes 核對）,,2026-09-29
WIND-063,2003-09-11,日,2003,亞洲,日本,沖繩縣宮古島,陸域,事故／故障,颱風／塔架倒塌,沖繩電力宮古島風力發電實證設備,颱風梅米吹倒宮古島 3 部風機,最大瞬間風速 74.1 m/s；平良市實證設備 3 號、5 號機在塔架入口門上方座屈倒塌，城邊町七又 1 號機因基礎破壞倒塌，另 2 部葉片破損、1 部機艙受損。,營運,,,倒塌 3 部、葉片破損 2 部、機艙受損 1 部,,,,,,沖繩電力,,,,24.80,125.28,宮古島概略位置，非機位,1,沖繩電力（調查結果）,https://www.okiden.co.jp/shared/pdf/news_release/2004/04113001.pdf,,,未確認有對應照片,,主管機關／業主一手資料,風速解析推估場址最大瞬間風速達 90 m/s。,2026-09-29
WIND-064,2018-08-23,日,2018,亞洲,日本,兵庫縣淡路市 北淡震災記念公園,陸域,事故／故障,塔架倒塌,北淡震災記念公園風車,颱風 20 號吹倒淡路市公園風車,風車前一年起主電源被關閉，強風時改變葉片角度的安全功能無法運作而倒塌；市府事故調查委員會 2019 年 4 月向國家提出報告，2021 年 1 月開始拆除。,停機（電源關閉）,,,,,,,,,淡路市（公園營運公司）,,,,,,,2,日本經濟新聞／神戶新聞,https://www.nikkei.com/article/DGXMZO41748430W9A220C1AC1000/,https://www.kobe-np.co.jp/news/awaji/202101/0014031343.shtml,,未確認有對應照片,,媒體報導核對（出處原文已以 check_quotes 核對）,倒塌時間為 8 月 23 日夜間至 24 日；採 23 日。,2026-09-29
WIND-065,2008-02-22,日,2008,歐洲,丹麥,Hornslet（東日德蘭）,陸域,事故／故障,塔架倒塌／飛車,Hornslet Nordtank NTK 600,煞車失效風機飛車解體並倒塌（有完整影片）,600 kW Nordtank 風機當天上午才修理煞車，下午煞車再失效，強風中轉子失控加速，葉片離心解體、擊中塔頂後塔架折斷；無人受傷。,營運,0.6,0.6,單機 600 kW,Nordtank NTK 600-180/43,0.6,,,1996-12-23 啟用,Syddjurs 市,,,,56.31,10.32,Hornslet 鎮概略位置，非機位,1,WindAction 轉載最終調查報告／維基百科,https://www.windaction.org/posts/20929,https://en.wikipedia.org/wiki/Hornslet_wind-turbine_collapse,,未確認有對應照片,,媒體報導核對（出處原文已以 check_quotes 核對）,,2026-09-29
WIND-066,2011-12-08,日,2011,歐洲,英國,蘇格蘭北艾爾郡 Ardrossan,陸域,事故／故障,機艙火災,Ardrossan Wind Farm,風暴中停機的風機機艙起火燒毀,極端風暴（風速達 176 km/h）中，已停機鎖定的 T8 機組葉片與煞車片摩擦生熱起火，機艙燒毀、燃燒碎片隨強風散落；無人受傷，英國 HSE 調查。,營運,24,,風場 12 部；單機事件,Vestas,2,,,,Infinis,0,0,報導稱無人受傷,,,,1,Electronics Weekly（引述 New Scientist 對調查報告的報導）,https://www.electronicsweekly.com/made-by-monkeys/environmental/storm-wind-and-fire-when-turbines-go-wrong-2013-07/,,,未確認有對應照片,,媒體報導核對（出處原文已以 check_quotes 核對）,事後 Vestas 修改該場全部風機的停車煞車邏輯，只在維修時施加（維基百科等轉述，未另核對）。,2026-09-29
WIND-067,2015-12-24,日,2015,歐洲,瑞典,Vetlanda Lemnhult,陸域,事故／故障,塔架倒塌／基礎失效,Lemnhult Wind Farm,Vestas V112 塔架倒塌，其餘 31 部預防性停機,2013 年商轉的 3 MW 機組倒塌，是 Vestas MW 級機組首起；瑞典事故調查局 SHK 認定塔架螺栓未鎖緊到位，鎖緊人員既無經驗也未受訓，且不只這一部風機有此瑕疵。,營運,96,3,32×3 MW；事件 1 部,Vestas V112-3.0,3,,,2013,Stena Renewable,0,0,報導稱無人受傷,,,,1,EnergyWatch（引述瑞典事故調查局 SHK）／Recharge,https://energywatch.com/EnergyNews/Renewables/article9394462.ece,https://www.rechargenews.com/wind/vestas-probes-3mw-wind-turbine-collapse-in-sweden/1-1-868110,,未確認有對應照片,,媒體報導核對（出處原文已以 check_quotes 核對）,倒塌日 12 月 24 日依 Recharge 報導（全文付費，未核對）；Recharge 2015-12-29 刊出。,2026-09-29
WIND-068,2021-09-29,日,2021,歐洲,德國,北萊茵－西伐利亞 Haltern am See,陸域,事故／故障,塔架倒塌,Windpark Haltern AV9,剛商轉半年的 Nordex N149 混合塔架幾乎全毀,164 m 混合塔架上的 N149/4.0-4.5 機組幾乎完全倒塌，機艙與葉片落地、無人受傷；Nordex 預防性停機另外 22 部同型機組，一年後調查認定預力混凝土塔段的弱點為原因。,營運,9,4.5,風場 9 MW；事件 1 部,Nordex N149/4.0-4.5,4.5,,2021-01 安裝,2021-03-11 商轉,Nordex（製造商）,0,0,Nordex 聲明無人受傷,,,,1,Nordex 聲明／Windpower Monthly,https://www.nordex-online.com/en/2021/10/statement-on-the-collapse-of-a-wind-turbine-in-haltern-av9-wind-park-germany/,https://www.windpowermonthly.com/article/1799884/nordex-investigation-finds-cause-collapsed-turbine-germany,,未確認有對應照片,,主管機關／業主一手資料,,2026-09-29
WIND-069,2009-12-27,日,2009,北美洲,美國,紐約州 Madison 郡 Fenner,陸域,事故／故障,塔架倒塌,Fenner Wind Farm,18 號風機塔架無預警倒塌，全場停機調查,187 噸的風機倒在田中，無人受傷；業主 Enel 排除施工與材料缺陷，但最終調查報告未公開。,營運,30,1.5,20×1.5 MW；事件 1 部,Enron Wind 1.5 MW（GE 1.5 的前身）,1.5,,,2001,Enel North America,0,0,報導稱無人受傷,,,,2,North American Windpower／Windpower Monthly,https://nawindpower.com/investigation-continues-into-turbine-failure-at-fenner-wind-farm,https://www.windpowermonthly.com/article/978707/turbine-collapse-causes-new-york-wind-farm-shut-down,,未確認有對應照片,,媒體報導核對（出處原文已以 check_quotes 核對）,根因未公開，不填。,2026-09-29
WIND-070,2018-01-19,日,2018,北美洲,加拿大,安大略 Chatham-Kent Raleigh 鎮區,陸域,事故／故障,塔架倒塌／葉片缺陷,Raleigh Wind（TerraForm Power）,風機攔腰折斷，全場 51 部停機,無人受傷；業主 TerraForm Power 事後認定單一葉片缺陷造成倒塌，全場 2018-03-29 恢復運轉。,營運,78,,風場 78 MW；事件 1 部,,,,,2011,TerraForm Power,0,0,報導稱無人受傷,,,,2,CBC News,https://www.cbc.ca/news/canada/windsor/wind-turbine-blade-collapse-chatham-kent-terraform-1.4602264,https://www.cbc.ca/news/canada/windsor/turbines-shut-down-chatham-1.4499041,,未確認有對應照片,,媒體報導核對（出處原文已以 check_quotes 核對）,,2026-09-29
WIND-071,2020-11-22,日,2020,歐洲,瑞典,Skellefteå Aldermyrberget,陸域,事故／故障,塔架倒塌／葉片缺陷,Aldermyrberget Wind Farm,試運轉中的 Vestas V150 倒塌，Vestas 停機 150 部同型機,230 m 高的 V150 在週末倒塌（11 月 21 至 22 日夜間），機組正在升載準備商轉、無人受傷；調查發現單一供應商製造問題造成葉根嵌件黏接失效，Vestas 預防性停機約 150 部同配置 V150。,試運轉,72,4.2,風場 17×4.2 MW；事件 1 部,Vestas V150-4.2,4.2,,,,wpd,0,0,報導稱無人受傷,,,,1,Insurance Journal（Bloomberg）／Windpower Monthly／Recharge,https://www.insurancejournal.com/news/international/2020/11/23/591674.htm,https://www.windpowermonthly.com/article/1704659/vestas-halts-150-turbines-following-blade-investigation-updated,,未確認有對應照片,,媒體報導核對（出處原文已以 check_quotes 核對）,,2026-09-29
WIND-072,2024-01-27,日,2024,歐洲,挪威,Nordland Vefsn Øyfjellet,陸域,事故／故障,轉子脫落,Øyfjellet Wind,維修中的 18 號機整組轉子落地,2023 年 6 月技術問題後拆除齒輪箱，延宕期間轉子移位；在特製工具到位前，強風使轉子落地。區域早已封鎖，無人受傷；業主稱為單一事件。,營運維修,400,,72×5.X MW；事件 1 部,Nordex N149/5.X,,,,2022,Øyfjellet Wind（Eolus 開發）,0,0,業主公告：區域已封鎖、無安全風險,,,,2,Øyfjellet Wind 公告／Windpower Monthly,https://oyfjelletvind.no/en/announcement-technical-problems/,https://www.windpowermonthly.com/article/1860247/rotor-falls-off-nordex-wind-turbine-norway-during-maintenance-work,,未確認有對應照片,,主管機關／業主一手資料,,2026-09-29
WIND-073,2025-10-27,日,2025,歐洲,德國,北萊茵－西伐利亞 Coesfeld Herkentrup,陸域,事故／故障,塔架倒塌,Windpark Herkentrup,2023 年安裝的 Nordex N149 上段塔架連同機艙落地,上段塔架含機艙、輪轂與葉片墜落，僅財物損失、無人受傷；Nordex 專家小組與業主調查原因。,營運,13.5,,風場 13.5 MW；事件 1 部,Nordex N149/4.X,,,2023 安裝,,Nordex（製造商）,0,0,Nordex 稱無人受傷,,,,2,Recharge／reNEWS,https://www.rechargenews.com/wind/black-out-forest-nordex-turbine-collapses-almost-completely-at-german-wind-farm/2-1-1075806,https://www.renews.biz/onshore-wind/nordex-probes-german-turbine-collapse/,,未確認有對應照片,,媒體報導核對（出處原文已以 check_quotes 核對）,截至查證日根因未公布。,2026-09-29
WIND-074,2025-02-25,日,2025,北美洲,美國,奧克拉荷馬州 Kay 郡 Kildare,陸域,事故／故障,塔架倒塌,Frontier Windpower II,無風清晨一部 Nordex 風機倒塌,清晨 7 時 23 分消防隊接獲通報，490 英尺高的風機在幾乎無風的天氣倒塌，4 英里外可聞；無人受傷、無火災，其餘 73 部照常運轉，原因不明。,營運,,4.8,風場 74 部 Nordex N149/4.X（4.8 MW）；事件 1 部,Nordex N149/4.X,4.8,,2020 安裝,2021-03 商轉,,0,0,消防隊稱無人受傷,,,,2,RenewEconomy／The Well News,https://reneweconomy.com.au/wind-turbine-collapses-on-calm-day-in-oklahoma-another-is-struck-by-lightning/,https://www.thewellnews.com/in-the-states/officials-still-puzzled-by-mystery-wind-turbine-collapse/,,未確認有對應照片,,媒體報導核對（出處原文已以 check_quotes 核對）,根因未公布；購電方向 The Well News 表示風機屬 Deriva Energy。,2026-09-29
WIND-075,2022-06-20,日,2022,北美洲,美國,奧克拉荷馬州 Ames 附近,陸域,事故／故障,塔架倒塌,Maverick Wind Farm,商轉不到一年的 GE 風機倒塌,傍晚居民聽到巨響後發現風機倒地，消防隊 18 時 45 分到場，無人受傷；業主 Invenergy 將詢問轉給購電方 PSO，原因未公布。,營運,288,,風場 288 MW；事件 1 部,GE,,,,2021,Invenergy,0,0,報導稱無人受傷,,,,2,Enid News／Windpower Monthly,https://www.enidnews.com/news/local_news/wind-turbine-collapses-near-ames/article_4c60b35e-f1a2-11ec-88a7-8f33fbe24434.html,https://www.windpowermonthly.com/article/1908269/turbine-collapses-wind-farm-oklahoma,,未確認有對應照片,,媒體報導核對（出處原文已以 check_quotes 核對）,風場名稱 Maverick 與機組為 GE 依 KFOR 報導（本環境 403，未能核對）。,2026-09-29
WIND-076,2024-04-10,日,2024,歐洲,挪威,Innlandet Odal,陸域,事故／故障,葉片斷裂,Odal Vind,22 噸葉片從 Siemens Gamesa 5.0-145 脫落，全場停機,72 m、約 22 噸的葉片深夜脫落，無人受傷；此前該場 34 部中已有 15 部因與生產問題有關的葉片損傷停機，全場停機調查、重啟延後。,營運,154,5,34×5 MW（4.X 平台）；事件 1 部,Siemens Gamesa SG 5.0-145,5,,,2022,Odal Vind,0,0,業主稱無人受傷,,,,1,Reuters（經 MarketScreener）／Windpower Monthly,https://www.marketscreener.com/quote/stock/SIEMENS-AG-56358595/news/Siemens-Gamesa-wind-turbine-loses-22-tonne-blade-in-Norway-46411859/,https://www.windpowermonthly.com/article/1879064/norwegian-wind-farm-delays-restart-siemens-gamesa-turbine-breakage,,未確認有對應照片,,媒體報導核對（出處原文已以 check_quotes 核對）,事件發生於週三深夜（4 月 10 日），報導日 4 月 11 日。,2026-09-29
WIND-077,2025-04-21,日,2025,亞洲,南韓,全羅南道和順郡 金城山,陸域,事故／故障,塔架倒塌／葉片缺陷,金城山風力發電團地 Geumseongsan,4.7 MW 風機塔架如吸管般折彎倒塌,凌晨 2 時 50 分無強風下 127 m 風機折彎；製造商 Siemens Gamesa 調查認定玻璃纖維葉片有難以歸因的結構裂縫，反覆應力使裂縫擴大、葉片斷裂後擊中塔架。已於年底拆除。,營運,52,4.7,11×4.7 MW；事件 1 部,Siemens Gamesa 4.7 MW,4.7,,,2023,,0,0,首爾新聞：當時現場附近無人，無人員傷亡,,,,1,首爾新聞／Newsis,https://www.seoul.co.kr/news/society/2026/02/10/20260210500384,https://www.newsis.com/view/NISX20260210_0003509313,,未確認有對應照片,,媒體報導核對（出處原文已以 check_quotes 核對）,調查由製造商主導，結果 2026 年 2 月才見報。,2026-09-29
WIND-078,2023-07-05,日,2023,南美洲,巴西,北大河州 Santo Agostinho,陸域,事故／故障,葉片斷裂,Santo Agostinho（Engie Brasil）,Siemens Gamesa 5.X 新機組葉片斷裂，全場停機,剛商轉、仍在測試的 6.2 MW 機組一片葉片斷裂，風場停機調查；Siemens Gamesa 同年已示警 4.X／5.X 平台葉片與主軸承品質問題。,試運轉,434,6.2,風場 434 MW；事件 1 部,Siemens Gamesa SG 6.2 (5.X),6.2,,,,Engie Brasil Energia,,,,,,,2,Bloomberg Línea／eixos,https://www.bloomberglinea.com/english/siemens-energy-wind-turbine-breaks-in-brazil-adding-to-scrutiny-over-flaws/,https://eixos.com.br/empresas/entenda-os-problemas-das-turbinas-eolicas-da-siemens-gamesa-no-brasil/,,未確認有對應照片,,媒體報導核對（出處原文已以 check_quotes 核對）,,2026-09-29
WIND-079,2021-02-07,日,2021,南美洲,巴西,北大河州 Rei dos Ventos,陸域,事故／故障,風機火災與倒塌,Rei dos Ventos 3（AES Brasil）,一部風機起火、另一部機組上部從塔頂墜落,2 月 7 日（週日）一部風機起火冒黑煙，8 日（週一）另一部機組上部從塔頂墜落；GE 聲明無人受傷，與業主及主管機關調查根因，Rei dos Ventos 3 園區機組停機。機組為 Alstom 製造（其能源部門已併入 GE）。,營運,,,兩部機組受影響,Alstom（GE）,,,,,AES Brasil,0,0,GE 聲明無人受傷,,,,2,Click Petróleo e Gás（引述 GE 與 AES Brasil 聲明）,https://en.clickpetroleoegas.com.br/general-electric-e-aes-brasil-investigam-incendio-e-queda-de-turbinas-em-parque-eolico-no-rn/,,,未確認有對應照片,,媒體報導核對（出處原文已以 check_quotes 核對）,風場層只有 Rei dos Ventos 1 的紀錄，事故在第 3 園區，不對應。,2026-09-29
WIND-080,2019-09,月,2019,南美洲,巴西,馬拉尼昂州 Paulino Neves,陸域,事故／故障,塔架倒塌,Delta 6（Omega Geração）,GE 風機倒塌，1 名工人受傷,2018 年 12 月才投運的 54 MW 風場一部 GE 風機倒塌，現場 3 名 GE 員工中 1 人受傷送醫；為 GE 該年在美洲的第 5 起倒塌。,營運,54,,風場 54 MW；事件 1 部,GE,,,,2018-12,Omega Geração,0,1,報導：1 人受傷,,,,2,Recharge／Windpower Monthly,https://www.rechargenews.com/wind/worker-hurt-after-fifth-ge-wind-turbine-collapse-this-year/2-1-667257,https://www.windpowermonthly.com/article/1595902/worker-injured-ge-turbine-collapse,,未確認有對應照片,,媒體報導核對（出處原文已以 check_quotes 核對）,確切日期見 Recharge 與 Windpower Monthly 全文（付費，未核對），採月精度；Windpower Monthly 2019-09-06 刊出。,2026-09-29
WIND-081,2015-01-02,日,2015,歐洲,英國,北愛爾蘭 Tyrone 郡 Fintona,陸域,事故／故障,塔架倒塌／飛車,Screggagh Wind Farm,中等風速下 Nordex N80 轉子失控、風機倒塌,約 2 百萬英鎊、100 m（328 ft）高的 Nordex N80 倒塌，碎片散落廣泛；現場無人、無人受傷，其餘 7 部停機調查。,營運,19.5,2.5,8×2.5 MW；事件 1 部,Nordex N80/2500,2.5,,,2011,,0,0,報導稱無人受傷,,,,1,NS Energy／Power Technology,https://www.nsenergybusiness.com/news/newsturbine-collapse-shuts-down-screggagh-wind-farm-in-northern-ireland-050115-4480840/,https://www.power-technology.com/news/newsturbine-collapses-at-screggagh-wind-farm-in-northern-ireland-4481410/,,未確認有對應照片,,媒體報導核對（出處原文已以 check_quotes 核對）,E&T（IET）2015-02-13 報導 Nordex 初步調查認定為葉片控制系統的獨特故障、倒塌時風速僅約 10–12 m/s（本環境 403，未能核對）。,2026-09-29
WIND-082,2019-04-01,日,2019,北美洲,美國,密西根州 Huron 郡 Oliver 鎮區,陸域,事故／故障,機艙火災,Harvest Wind II（Exelon）,機艙起火，消防無法搆及只能任其燒盡,週一下午 17 時後不久機艙起火冒黑煙（ABC 12 稱約 17 時 30 分通報），消防隊沒有能達到機艙高度的裝備；業主 Exelon 表示公眾與員工皆無人受傷，原因未公布。,營運,,,單機事件,,,,,2012,Exelon Generation,0,0,Exelon：公眾與員工皆無人受傷,,,,2,WBCK（地方媒體）／Huron Daily Tribune（經 wind-watch 轉載）,https://wbckfm.com/wind-turbine-fire-michigan/,https://www.wind-watch.org/news/2019/04/03/turbine-update-no-reason-yet-why-it-caught-fire/,,未確認有對應照片,,媒體報導核對（出處原文已以 check_quotes 核對）,對應風場層的 Harvest (Exelon) 合併紀錄。,2026-09-29
WIND-083,2019-07-20,日,2019,北美洲,美國,華盛頓州 Klickitat 郡 Bickleton,陸域,事故／故障,風機火災／野火,Juniper Canyon Wind（Avangrid）,風機起火引發 Juniper Fire 野火,13 時 40 分機艙冒煙起火，約 300 英尺高處燃燒的部件落地引燃草地與杜松，延燒約 250 英畝（初估近 500），39 戶受威脅並下達第三級撤離令，約 201 名消防人員參與；風場由 Avangrid 營運。,營運,151.2,,風場 151.2 MW；事件 1 部,,,,,2011,Avangrid Renewables,,,,,,,2,Seattle Times／Yakima Herald,https://www.seattletimes.com/seattle-news/juniper-fire-in-klickitat-county-burns-more-than-500-acres-threatens-homes-wind-farm/,https://www.yakimaherald.com/news/local/juniper-fire-in-klickitat-county-burns-more-than-240-acres-threatens-homes-wind-farm/article_fa6fe487-8e86-539d-a6b2-5ee73420f849.html,,未確認有對應照片,,媒體報導核對（出處原文已以 check_quotes 核對）,,2026-09-29
WIND-084,2011-02-24,日,2011,亞洲,中國,甘肅酒泉風電基地（橋西第一風電場等 16 場）,陸域,事故／故障,電網／系統事件,酒泉風電基地（跨案場）,酒泉 598 部風機大規模脫網,中電酒泉風電公司橋西第一風電場電纜頭故障，導致 16 個風電場 598 部風機脫網；國家電監會認為是近幾年中國風電「對電網影響最大的一起事故」。,跨案場系統事故,,,,,,,,,,,,,,,,1,中國新聞網（新華網，引述國家電監會）,https://www.chinanews.com.cn/ny/2011/06-07/3093352.shtml,,,未確認有對應照片,,媒體報導核對（出處原文已以 check_quotes 核對）,多案場電網事件，無單一風場座標；損失出力與低電壓穿越能力的說法見其他報導，未核對，不寫。,2026-09-29
WIND-085,2024-09-06,日,2024,亞洲,中國,海南文昌 木蘭灣,陸域,事故／故障,颱風／塔架倒塌,華能文昌風電場「以大代小」改造工程,超強颱風摩羯吹斷施工中的 6.25 MW 抗颱風機,9 月 6 日 16 時 20 分前後颱風在文昌翁田鎮登陸，距場址僅約 7 km、最大風力可能逾 83 m/s，超出國家標準；華能文昌「以大代小」改造案規劃 16 部 6.25 MW 抗颱風機、已吊裝 13 部，機組仍在施工、未通電併網，偏航系統無法調整受力角度，多部被吹斷。,施工中,100,,規劃 16×6.25 MW、已吊裝 13 部；受損部數未見於已核對的來源,6.25 MW 抗颱機型,6.25,,,,華能海南發電,,,,,,,1,界面新聞,https://m.jiemian.com/article/11690459.html,,,未確認有對應照片,,媒體報導核對（出處原文已以 check_quotes 核對）,登陸日為 9 月 6 日；報導日 9 月 8 日。同一颱風下湛江徐聞的營運中風機未受損。,2026-09-29
WIND-086,2024-08-20,日,2024,亞洲,台灣,彰化彰濱 海龍離岸風電陸上降壓站,離岸,事故／故障,氣體外洩／窒息,海龍離岸風電（陸上降壓站）,降壓站 CO2 滅火鋼瓶外洩，3 名工人死亡,勞工進行 CO2 消防設備管路試通作業時鋼瓶突然被擊發，大量高壓氣體外洩至鋼瓶室與走道；職安署認定 7 名勞工窒息災害（3 死 4 傷），現場勒令部分停工，罰鍰另行公布；統包商東元稱約 17 名工人吸入氣體送醫、工地停工全面檢查。,施工中,1044,,"海龍 2&3 合計 1,044 MW；事故在陸上降壓站",,,,,,海龍離岸風電（東元為施工承攬商）,3,4,職安署：3 死 4 傷（7 名窒息災害勞工）；東元：約 17 名工人吸入送醫,,,事故地點為陸上降壓站，地圖依風場位置標示,1,勞動部職業安全衛生署／工商時報,https://www.osha.gov.tw/48110/48417/162283/162286/178420/?cprint=pt,https://www.ctee.com.tw/news/20240821701083-430503,,未確認有對應照片,,主管機關／業主一手資料,根因依職安署與司法調查；3 名重傷者陸續不治的日期見後續報導，未核對，不寫。,2026-09-29
WIND-087,2026-07-22,日,2026,歐洲,德國,北海 He Dreiht,離岸,事故／故障,葉片斷裂,EnBW He Dreiht,安裝中的 Vestas V236-15 MW 葉片斷裂落海,EnBW 表示 7 月 22 日偵測到一部風機葉片失效，無人受傷、已即刻通報主管機關；葉片後在海面尋獲，聯邦警察協助打撈。部分作業預防性暫停，同一產地葉片禁止施工，啟用典禮由 9 月延至 12 月。,施工／試運轉,960,15,64×15 MW；事件 1 部,Vestas V236-15.0,15,,,,EnBW,0,0,EnBW 稱無人受傷,,,,1,Windpower Monthly／Recharge（引用 EnBW、Vestas 聲明）,https://www.windpowermonthly.com/article/1965966/vestas-blade-breaks-german-north-sea-wind-farm,https://www.rechargenews.com/offshore-wind/vestas-blade-break-disrupts-north-sea-offshore-wind-farm-construction/2-1-2026511,,未確認有對應照片,,媒體報導核對（出處原文已以 check_quotes 核對）,EnBW 稱為單一事件；Vestas 與業主進行根因調查，截至查證日未公布。,2026-09-29
WIND-088,2020-12-30,日,2020,北美洲,美國,加州 Desert Hot Springs 附近,陸域,事故／故障,工作者高處墜落／死亡,Desert Hot Springs 風場（Site Constructors 施工）,工人在塔筒內墜落逾 100 英尺死亡,上午 11 時 15 分，52 歲工人在風機塔筒內墜落逾 100 英尺，當場死亡；加州職安局 Cal/OSHA 接獲僱主通報並展開調查。,營運維修,,,,,,,,,,1,,Cal/OSHA 接獲通報 1 人死亡,,,,2,NBC Palm Springs／KESQ,https://www.nbcpalmsprings.com/2021/01/04/person-dies-in-100-foot-fall-near-desert-hot-springs,https://kesq.com/news/2021/01/04/man-killed-in-100-ft-wind-turbine-fall-near-desert-hot-springs-identified/,,未確認有對應照片,,媒體報導核對（出處原文已以 check_quotes 核對）,報導未指明風場名稱；不對應風場層。,2026-09-29
