City	Name	面積總計(Km2)(統計數值)	場址編號(項次)	點位編碼	TWD 97二度分帶座標(X)	TWD 97二度分帶座標(Y)
新北市	新北市	26.2	1	1-1	301059.59	2801209.06
新北市	新北市	26.2	1	1-2	299421.29	2800061.91
新北市	新北市	26.2	1	1-3	299179.32	2798669.18
新北市	新北市	26.2	1	1-4	295325.83	2794699.67
新北市	新北市	26.2	1	1-5	292454.65	2794359.66
新北市	新北市	26.2	1	1-6	293026.55	2796370.88
新北市	新北市	26.2	1	1-7	294996.49	2798217.58
新北市	新北市	26.2	1	1-8	296057.07	2800286.82
新北市	新北市	26.2	1	1-9	297312.52	2801986.78
桃園市	桃園市	50.2	2	2-1	261251.96	2776502.94
桃園市	桃園市	50.2	2	2-2	261127.56	2776011.34
桃園市	桃園市	50.2	2	2-3	261697.63	2774528.78
桃園市	桃園市	50.2	2	2-4	256916.65	2771077.21
桃園市	桃園市	50.2	2	2-5	254793.86	2772846.83
桃園市	桃園市	50.2	2	2-6	251543.21	2770112.8
桃園市	桃園市	50.2	2	2-7	249667.52	2771514.54
桃園市	桃園市	50.2	2	2-8	250719.28	2772782.24
桃園市	桃園市	50.2	2	2-9	251684.35	2773642.92
桃園市	桃園市	50.2	2	2-10	253081.9	2774679.89
桃園市	桃園市	50.2	2	2-11	253979.79	2775847.98
桃園市	桃園市	50.2	2	2-12	257494.95	2778633.46
桃園市	桃園市	50.2	2	2-13	258067.43	2778915.66
桃園市	桃園市	50.2	2	2-14	258574.83	2779124.58
新竹縣	新竹縣	22.2	3	3-1	250522.95	2762506.67
新竹縣	新竹縣	22.2	3	3-2	248059.24	2759471.07
新竹縣	新竹縣	22.2	3	3-3	246673.74	2760209.21
新竹縣	新竹縣	22.2	3	3-4	245525.81	2758879.53
新竹縣	新竹縣	22.2	3	3-5	242765.81	2759932.24
新竹縣	新竹縣	22.2	3	3-6	246255.48	2765922.78
新竹縣	新竹縣	22.2	3	3-7	248218.95	2762561.17
新竹縣	新竹縣	22.2	3	3-8	247240.26	2760725.36
新竹縣	新竹縣	22.2	3	3-9	244662.83	2762014.08
新竹縣	新竹縣	22.2	3	3-10	245671.91	2763849.89
新竹市	新竹市	31.6	4	4-1	237391.25	2751210.58
新竹市	新竹市	31.6	4	4-2	235828.76	2748086.64
新竹市	新竹市	31.6	4	4-3	237633.09	2746963.93
新竹市	新竹市	31.6	4	4-4	236455.62	2743664.39
新竹市	新竹市	31.6	4	4-5	237095.66	2743368.78
新竹市	新竹市	31.6	4	4-6	233429.31	2737207.88
新竹市	新竹市	31.6	4	4-7	232508.64	2738256.54
新竹市	新竹市	31.6	4	4-8	236005.32	2742876.56
新竹市	新竹市	31.6	4	4-9	235976.31	2743883.34
新竹市	新竹市	31.6	4	4-10	234475	2744569.15
新竹市	新竹市	31.6	4	4-11	232235.6	2741184.82
新竹市	新竹市	31.6	4	4-12	230493.48	2742627.56
新竹市	新竹市	31.6	4	4-13	235272.13	2748272.51
新竹市	新竹市	31.6	4	4-14	234990.26	2749098.32
新竹市	新竹市	31.6	4	4-15	236242.56	2752112.76
苗栗縣	苗栗縣1	34.7	5	5-1	232214.4	2741129.83
苗栗縣	苗栗縣1	34.7	5	5-1	231277.42	2740167.93
苗栗縣	苗栗縣1	34.7	5	5-1	231776.45	2739627.32
苗栗縣	苗栗縣1	34.7	5	5-1	224913.68	2731838.12
苗栗縣	苗栗縣1	34.7	5	5-1	224515.63	2732105.96
苗栗縣	苗栗縣1	34.7	5	5-1	221590.53	2729032.4
苗栗縣	苗栗縣1	34.7	5	5-1	220739.46	2729614.61
苗栗縣	苗栗縣1	34.7	5	5-1	222685.42	2731509.97
苗栗縣	苗栗縣1	34.7	5	5-1	223280.88	2733067.65
苗栗縣	苗栗縣1	34.7	5	5-1	225260.72	2734817.01
苗栗縣	苗栗縣1	34.7	5	5-1	225622.66	2737153.28
苗栗縣	苗栗縣1	34.7	5	5-1	230451.67	2742576.32
苗栗縣	苗栗縣2	20.8	6	6-1	222853.2	2728113.17
苗栗縣	苗栗縣2	20.8	6	6-1	222543.01	2727698.36
苗栗縣	苗栗縣2	20.8	6	6-1	223947.52	2726866.68
苗栗縣	苗栗縣2	20.8	6	6-1	222790.69	2725451.43
苗栗縣	苗栗縣2	20.8	6	6-1	220582.5	2726460.56
苗栗縣	苗栗縣2	20.8	6	6-1	219150.45	2725798.26
苗栗縣	苗栗縣2	20.8	6	6-1	218755.48	2724589.41
苗栗縣	苗栗縣2	20.8	6	6-1	220850.03	2723153.15
苗栗縣	苗栗縣2	20.8	6	6-1	220443.09	2722578.64
苗栗縣	苗栗縣2	20.8	6	6-1	219796.77	2722961.65
苗栗縣	苗栗縣2	20.8	6	6-1	217345.94	2721854.82
苗栗縣	苗栗縣2	20.8	6	6-1	216506.23	2719642.57
苗栗縣	苗栗縣2	20.8	6	6-1	215620.76	2719906.65
苗栗縣	苗栗縣2	20.8	6	6-1	216726.82	2722702.88
苗栗縣	苗栗縣2	20.8	6	6-1	218617.86	2725904.15
苗栗縣	苗栗縣2	20.8	6	6-1	219041.03	2727242.5
苗栗縣	苗栗縣2	20.8	6	6-1	220684.84	2729561.41
台中市	台中市1	36.8	7	7-1	209355.73	2708979.29
台中市	台中市1	36.8	7	7-2	207983.03	2705191.81
台中市	台中市1	36.8	7	7-3	202664.8	2704316.57
台中市	台中市1	36.8	7	7-4	203631.45	2705801.07
台中市	台中市1	36.8	7	7-5	202505.57	2698354.47
台中市	台中市1	36.8	7	7-6	201836.93	2697324.7
台中市	台中市1	36.8	7	7-7	202829.12	2696693.5
台中市	台中市1	36.8	7	7-8	199253.38	2691414.07
台中市	台中市1	36.8	7	7-9	196814.71	2694909.03
台中市	台中市1	36.8	7	7-10	201079.77	2700087.77
台中市	台中市2	112.5	8	8-1	185654.13	2699144.79
台中市	台中市2	112.5	8	8-2	185034.88	2697427.8
台中市	台中市2	112.5	8	8-3	178039.12	2687893.49
台中市	台中市2	112.5	8	8-4	169077.75	2689793.78
台中市	台中市2	112.5	8	8-5	175051.01	2699413.78
彰化縣	彰化縣1_1	120.7	9	9-1	149237.26	2693194.14
彰化縣	彰化縣1_1	120.7	9	9-2	143699.29	2684443.01
彰化縣	彰化縣1_1	120.7	9	9-3	127140.57	2685406.15
彰化縣	彰化縣1_1	120.7	9	9-4	136374.7	2693759.56
彰化縣	彰化縣1_1	120.7	9	9-5	143371.13	2691283.75
彰化縣	彰化縣1_1	120.7	9	9-6	147239.78	2693390.07
彰化縣	彰化縣1_2	122	10	10-1	162614.22	2691882
彰化縣	彰化縣1_2	122	10	10-1	157716.94	2683627.67
彰化縣	彰化縣1_2	122	10	10-1	143699.29	2684443.01
彰化縣	彰化縣1_2	122	10	10-1	149237.26	2693194.14
彰化縣	彰化縣1_3	128.6	11	11-1	128982.01	2685299.04
彰化縣	彰化縣1_3	128.6	11	11-1	114203.64	2662412.45
彰化縣	彰化縣1_3	128.6	11	11-1	108881.36	2668888.44
彰化縣	彰化縣1_3	128.6	11	11-1	127140.57	2685406.15
彰化縣	彰化縣1_4	117.4	12	12-1	143699.29	2684443.01
彰化縣	彰化縣1_4	117.4	12	12-1	138862.45	2676799.81
彰化縣	彰化縣1_4	117.4	12	12-1	124013.39	2677604.37
彰化縣	彰化縣1_4	117.4	12	12-1	128982.01	2685299.04
彰化縣	彰化縣1_5	111.8	13	13-1	157716.94	2683627.67
彰化縣	彰化縣1_5	111.8	13	13-1	153204.92	2676022.7
彰化縣	彰化縣1_5	111.8	13	13-1	138862.45	2676799.81
彰化縣	彰化縣1_5	111.8	13	13-1	143699.29	2684443.01
彰化縣	彰化縣1_6	126.3	14	14-1	138862.45	2676799.81
彰化縣	彰化縣1_6	126.3	14	14-1	133729.18	2668688.18
彰化縣	彰化縣1_6	126.3	14	14-1	118670.52	2669330.1
彰化縣	彰化縣1_6	126.3	14	14-1	124013.39	2677604.37
彰化縣	彰化縣1_7	120.4	15	15-1	153204.92	2676022.7
彰化縣	彰化縣1_7	120.4	15	15-2	148480.29	2668059.38
彰化縣	彰化縣1_7	120.4	15	15-3	133729.18	2668688.18
彰化縣	彰化縣1_7	120.4	15	15-4	138862.45	2676799.81
彰化縣	彰化縣1_8	131.1	16	16-1	133729.18	2668688.18
彰化縣	彰化縣1_8	131.1	16	16-2	128461.3	2660363.85
彰化縣	彰化縣1_8	131.1	16	16-3	115887.28	2660363.85
彰化縣	彰化縣1_8	131.1	16	16-4	114203.64	2662412.45
彰化縣	彰化縣1_8	131.1	16	16-5	118670.52	2669330.1
彰化縣	彰化縣1_9	122.5	17	17-1	148480.29	2668059.38
彰化縣	彰化縣1_9	122.5	17	17-2	143914.55	2660363.85
彰化縣	彰化縣1_9	122.5	17	17-3	128461.3	2660363.85
彰化縣	彰化縣1_9	122.5	17	17-4	133729.18	2668688.18
彰化縣	彰化縣2_1	85.2	18	18-1	133769.23	2660363.85
彰化縣	彰化縣2_1	85.2	18	18-2	129277.44	2652092.81
彰化縣	彰化縣2_1	85.2	18	18-3	115350.77	2659019.98
彰化縣	彰化縣2_1	85.2	18	18-4	115887.28	2660363.85
彰化縣	彰化縣2_2	100.5	19	19-1	143914.55	2660363.85
彰化縣	彰化縣2_2	100.5	19	19-2	136786.76	2648357.65
彰化縣	彰化縣2_2	100.5	19	19-3	129277.44	2652092.81
彰化縣	彰化縣2_2	100.5	19	19-4	133769.23	2660363.85
彰化縣	彰化縣3_1	109.7	20	20-1	178039.12	2687893.49
彰化縣	彰化縣3_1	109.7	20	20-2	173001.08	2681027.28
彰化縣	彰化縣3_1	109.7	20	20-3	159900.02	2683476.03
彰化縣	彰化縣3_1	109.7	20	20-4	164592.99	2691403.72
彰化縣	彰化縣3_1	109.7	20	20-5	169077.75	2689793.78
彰化縣	彰化縣3_2	112.6	21	21-1	173001.08	2681027.28
彰化縣	彰化縣3_2	112.6	21	21-2	167422.39	2673424.25
彰化縣	彰化縣3_2	112.6	21	21-3	154979.41	2675163.81
彰化縣	彰化縣3_2	112.6	21	21-4	159900.02	2683476.03
彰化縣	彰化縣3_3	86.7	22	22-1	167422.39	2673424.25
彰化縣	彰化縣3_3	86.7	22	22-2	162744.53	2667048.92
彰化縣	彰化縣3_3	86.7	22	22-3	150935.54	2668332.62
彰化縣	彰化縣3_3	86.7	22	22-4	154979.41	2675163.81
彰化縣	彰化縣3_4	88.6	23	23-1	162744.53	2667048.92
彰化縣	彰化縣3_4	88.6	23	23-2	157839.39	2660363.85
彰化縣	彰化縣3_4	88.6	23	23-3	146250.36	2660418.09
彰化縣	彰化縣3_4	88.6	23	23-4	150935.54	2668332.62
彰化縣	彰化縣4_1	86.2	24	24-1	157839.39	2660363.85
彰化縣	彰化縣4_1	86.2	24	24-2	151017.9	2650975.73
彰化縣	彰化縣4_1	86.2	24	24-3	142635.63	2654311.83
彰化縣	彰化縣4_1	86.2	24	24-4	146250.36	2660418.09
彰化縣	彰化縣4_2	93.3	25	25-1	151017.9	2650975.73
彰化縣	彰化縣4_2	93.3	25	25-2	143446.56	2640555.64
彰化縣	彰化縣4_2	93.3	25	25-3	137739.01	2646040.13
彰化縣	彰化縣4_2	93.3	25	25-4	142635.63	2654311.83
彰化縣	彰化縣5	118.6	26	26-1	181455.29	2666147.94
彰化縣	彰化縣5	118.6	26	26-2	176720.76	2660460.33
彰化縣	彰化縣5	118.6	26	26-3	174026.16	2660607.3
彰化縣	彰化縣5	118.6	26	26-4	173273.26	2660363.85
彰化縣	彰化縣5	118.6	26	26-5	170017.62	2660363.85
彰化縣	彰化縣5	118.6	26	26-6	160267.56	2660342.39
彰化縣	彰化縣5	118.6	26	26-7	166474.2	2668833.35
彰化縣	彰化縣6_1	92.7	27	27-1	170017.62	2660363.85
彰化縣	彰化縣6_1	92.7	27	27-2	163414.5	2650642.37
彰化縣	彰化縣6_1	92.7	27	27-3	153802.85	2651438.91
彰化縣	彰化縣6_1	92.7	27	27-4	160267.56	2660342.39
彰化縣	彰化縣6_2	98.3	28	28-1	163414.5	2650642.37
彰化縣	彰化縣6_2	98.3	28	28-2	155664.02	2640462.63
彰化縣	彰化縣6_2	98.3	28	28-3	146959.27	2642013.63
彰化縣	彰化縣6_2	98.3	28	28-4	153802.85	2651438.91
彰化縣	彰化縣6_3	89.9	29	29-1	170909.19	2647686.32
彰化縣	彰化縣6_3	89.9	29	29-2	165148.87	2638772.64
彰化縣	彰化縣6_3	89.9	29	29-3	155664.02	2640462.63
彰化縣	彰化縣6_3	89.9	29	29-4	162349.91	2649244.09
雲林縣	雲林縣1_1	117.8	30	30-1	165148.87	2638772.64
雲林縣	雲林縣1_1	117.8	30	30-2	159539.04	2632844.03
雲林縣	雲林縣1_1	117.8	30	30-3	144536.19	2635075.02
雲林縣	雲林縣1_1	117.8	30	30-4	146959.27	2642013.63
雲林縣	雲林縣1_2	114.3	31	31-1	159539.04	2632844.03
雲林縣	雲林縣1_2	114.3	31	31-2	157968.11	2631183.82
雲林縣	雲林縣1_2	114.3	31	31-3	156400.62	2625183.09
雲林縣	雲林縣1_2	114.3	31	31-4	144256.45	2626421
雲林縣	雲林縣1_2	114.3	31	31-5	143516.73	2632155.73
雲林縣	雲林縣1_2	114.3	31	31-6	144536.19	2635075.02
雲林縣	雲林縣1_3	93.2	32	32-1	156400.62	2625183.09
雲林縣	雲林縣1_3	93.2	32	32-2	154246.08	2616934.98
雲林縣	雲林縣1_3	93.2	32	32-3	145487.01	2616881.05
雲林縣	雲林縣1_3	93.2	32	32-4	144256.45	2626421
台南市	台南市	57.3	33	33-1	154812.94	2570956.62
台南市	台南市	57.3	33	33-2	153595.46	2564599.62
台南市	台南市	57.3	33	33-3	145284.97	2564599.13
台南市	台南市	57.3	33	33-4	145177.51	2571003.77
高雄市	高雄市1	38.8	34	34-1	164014.66	2534289.44
高雄市	高雄市1	38.8	34	34-2	164701.3	2533347.09
高雄市	高雄市1	38.8	34	34-3	165844.24	2533070.53
高雄市	高雄市1	38.8	34	34-4	166530.49	2531056.4
高雄市	高雄市1	38.8	34	34-5	164331.37	2529464.84
高雄市	高雄市1	38.8	34	34-6	162452.25	2532498.25
高雄市	高雄市1	38.8	34	34-7	160828.83	2531778.41
高雄市	高雄市1	38.8	34	34-8	161623.85	2529775.08
高雄市	高雄市1	38.8	34	34-9	160632.68	2529244.45
高雄市	高雄市1	38.8	34	34-10	162762.06	2524738.87
高雄市	高雄市1	38.8	34	34-11	161046.7	2524202.9
高雄市	高雄市1	38.8	34	34-12	158730.23	2528487.72
高雄市	高雄市1	38.8	34	34-13	157023.62	2531644.47
高雄市	高雄市1	38.8	34	34-14	159475.86	2532723.37
高雄市	高雄市1	38.8	34	34-15	159712.95	2534214.16
高雄市	高雄市2	32.5	35	35-1	168804.57	2519613.25
高雄市	高雄市2	32.5	35	35-2	169992.3	2515219.01
高雄市	高雄市2	32.5	35	35-3	162583.43	2513725.64
高雄市	高雄市2	32.5	35	35-4	161805.02	2516756.72
高雄市	高雄市2	32.5	35	35-5	162905.21	2517167.77
高雄市	高雄市2	32.5	35	35-6	162787.36	2518398.13
屏東縣	屏東縣	32.5	36	36-1	192866.56	2483661.45
屏東縣	屏東縣	32.5	36	36-2	196572.3	2480925.61
屏東縣	屏東縣	32.5	36	36-3	192247.01	2477250.32
屏東縣	屏東縣	32.5	36	36-4	191263.32	2482734.47
屏東縣	屏東縣	32.5	36	36-5	202017.11	2478143.95
屏東縣	屏東縣	32.5	36	36-6	206538.74	2475237.33
屏東縣	屏東縣	32.5	36	36-7	205375.4	2473139.41
屏東縣	屏東縣	32.5	36	36-8	199535.09	2476808.86
